Headline,Market_Event,Market_Index,Index_Change_Percent,Trading_Volume,Sentiment,Sector,Impact_Level
Nikkei 225 index benefits from a weaker yen,Commodity Price Shock,DAX,3.52,166.45,Unknown,Technology,High
Government subsidy program gives a lift to the agriculture sector,Central Bank Meeting,Shanghai Composite,-3.39,57.61,Unknown,Retail,Low
New housing data release shows a slowdown in market activity,Consumer Confidence Report,Shanghai Composite,-0.05,403.22,Neutral,Retail,Medium
Massive stock buyback program announced by a consumer goods company,Commodity Price Shock,NSE Nifty,-2.29,100.11,Positive,Consumer Goods,Low
Government spending bill is expected to stimulate the economy,Inflation Data Release,Nasdaq Composite,-3.97,438.22,Negative,Consumer Goods,Low
Central bank maintains status quo on interest rates,Unemployment Rate Announcement,IBOVESPA,0.56,36.24,Negative,Transportation,Low
Tech Giant's New Product Launch Sparks Sector-Wide Gains,IPO Launch,Shanghai Composite,-3.68,273.35,Neutral,Telecommunications,Medium
A massive data breach sends a tech company's stock tumbling,Geopolitical Event,DAX,-4.33,420.89,Positive,Retail,Low
Market sentiment turns positive on vaccine trial results,Trade Tariffs Announcement,Nikkei 225,3.35,76.55,Negative,Energy,Low
"Global trade talks collapse, causing market turmoil",Consumer Confidence Report,FTSE 100,-1.66,36.59,Positive,Transportation,Medium
Aerospace and Defense sector sees rally amid geopolitical tensions,Commodity Price Shock,TSX,-2.01,261.94,Unknown,Pharmaceuticals,Medium
Supply chain issues impact manufacturing sector earnings,Government Policy Announcement,ASX 200,-2.45,371.87,Neutral,Healthcare,High
Market braces for a major policy announcement from the EU,Bond Market Fluctuation,BSE Sensex,0.92,286.71,Positive,Finance,Medium
New IPO for a popular software firm is oversubscribed,Regulatory Changes,Shanghai Composite,2.83,13.97,Negative,Industrials,Medium
Market sentiment turns positive on vaccine trial results,Market Rally,KOSPI,-2.92,475.95,Negative,Real Estate,Low
Major technology firm acquires a smaller rival in a multi-billion dollar deal,Inflation Data Release,Shanghai Composite,4.41,448.6,Positive,Aerospace & Defense,High
Manufacturing PMI data signals economic expansion,Inflation Data Release,Nasdaq Composite,-1.3,6.76,Unknown,Retail,Low
Financial services stocks rally on strong profit margins,Trade Tariffs Announcement,BSE Sensex,4.15,410.09,Positive,Finance,Medium
Mining company stock surges on commodity price boom,Commodity Price Shock,NSE Nifty,-0.95,29.44,Negative,Agriculture,Medium
Tech Giant's New Product Launch Sparks Sector-Wide Gains,Regulatory Changes,ASX 200,-2.37,470.23,Neutral,Real Estate,Low
Financial sector bracing for new capital requirements,Economic Data Release,Euro Stoxx 50,-1.96,76.95,Positive,Utilities,High
Major technology firm acquires a smaller rival in a multi-billion dollar deal,IPO Launch,Hang Seng,0.21,268.35,Unknown,Construction,Low
ASX 200 gains on strong export performance,Stock Market Crash,TSX,4.28,269.15,Positive,Media & Entertainment,High
ASX 200 gains on strong export performance,Inflation Data Release,Russell 2000,-2.02,226.39,Neutral,Industrials,Low
Bond yields tumble as investors seek safe havens,Central Bank Meeting,Nikkei 225,-0.05,251.63,Positive,Telecommunications,Medium
Utilities sector remains stable during market fluctuations,Consumer Confidence Report,CAC 40,1.34,349.78,Neutral,Media & Entertainment,High
Financial sector bracing for new capital requirements,Inflation Data Release,Nasdaq Composite,-1.18,48.95,Neutral,Healthcare,Low
Consumer Discretionary stocks outperform as spending increases,Commodity Price Shock,Russell 2000,2.46,258.4,Positive,Retail,Medium
Quarterly report shows surprising losses for retail giants,Economic Data Release,IBOVESPA,-4.4,444.33,Positive,Energy,Low
Major oil spill sends energy stocks plummeting,Currency Devaluation,Nikkei 225,3.53,320.06,Negative,Transportation,Low
China's Shanghai Composite falls after new trade restrictions,Economic Data Release,Nikkei 225,-3.44,329.44,Positive,Utilities,Low
Healthcare stocks gain on robust demand and strong outlook,Unemployment Rate Announcement,S&P 500,1.86,411.34,Positive,Industrials,Low
Retail sales report surpasses all forecasts,Unemployment Rate Announcement,FTSE 100,-2.67,45.77,Neutral,Agriculture,Low
Government spending bill is expected to stimulate the economy,Commodity Price Shock,S&P/TSX Composite,4.1,162.75,Negative,Pharmaceuticals,Low
Bond yields tumble as investors seek safe havens,Stock Market Crash,NSE Nifty,3.52,305.06,Unknown,Aerospace & Defense,High
Government spending bill is expected to stimulate the economy,Cryptocurrency Regulation,CAC 40,0.02,215.73,Negative,Agriculture,Low
Financial sector bracing for new capital requirements,Cryptocurrency Regulation,Euro Stoxx 50,1.48,238.3,Unknown,Industrials,Medium
Financial services stocks rally on strong profit margins,Cryptocurrency Regulation,Hang Seng,-4.03,349.01,Negative,Materials,High
Government subsidy program gives a lift to the agriculture sector,Central Bank Meeting,Nikkei 225,-3.31,225.09,Positive,Agriculture,Low
Federal Reserve Chairman's speech causes market volatility,Consumer Confidence Report,TSX,-4.56,244.44,Positive,Transportation,Low
Gold prices surge as investors flee riskier assets,Government Policy Announcement,KOSPI,-2.65,403.63,Positive,Telecommunications,Medium
Real Estate sector shows signs of overheating as interest rates fall,Geopolitical Event,ASX 200,-2.49,109.55,Neutral,Agriculture,Low
Semiconductor shortages weigh heavily on tech sector profits,Major Merger/Acquisition,S&P 500,0.28,210.73,Positive,Real Estate,High
Semiconductor shortages weigh heavily on tech sector profits,Economic Data Release,FTSE 100,1.21,326.46,Neutral,Utilities,Low
Gold prices surge as investors flee riskier assets,Trade Tariffs Announcement,IBOVESPA,3.49,210.8,Neutral,Media & Entertainment,Medium
Government subsidy program gives a lift to the agriculture sector,Corporate Earnings Report,S&P/TSX Composite,-0.48,338.38,Neutral,Healthcare,Medium
Geopolitical ceasefire prompts a broad market recovery,Corporate Earnings Report,Dow Jones,4.28,464.65,Neutral,Materials,High
Massive stock buyback program announced by a consumer goods company,Corporate Earnings Report,NSE Nifty,-4.03,266.37,Positive,Agriculture,Medium
Media and Entertainment companies report a surge in streaming revenue,Economic Data Release,Euro Stoxx 50,-1.18,412.76,Neutral,Consumer Goods,Low
A massive data breach sends a tech company's stock tumbling,Unemployment Rate Announcement,Shanghai Composite,-0.11499999999999999,393.12,Neutral,Automotive,Medium
Major technology firm acquires a smaller rival in a multi-billion dollar deal,Major Merger/Acquisition,IBOVESPA,-1.28,105.33,Neutral,Transportation,High
Geopolitical ceasefire prompts a broad market recovery,Stock Market Crash,Dow Jones,3.11,190.38,Neutral,Materials,Low
Mining company stock surges on commodity price boom,Market Rally,KOSPI,-0.11499999999999999,304.75,Unknown,Finance,Low
Healthcare stocks gain on robust demand and strong outlook,Inflation Data Release,DAX,-3.83,319.56,Neutral,Materials,Medium
Major technology firm acquires a smaller rival in a multi-billion dollar deal,Consumer Confidence Report,Russell 2000,0.78,181.68,Positive,Construction,Low
Central Bank Governor signals potential shift in policy,Interest Rate Change,Dow Jones,0.2,453.06,Neutral,Industrials,High
Banking stocks dip after a major scandal is revealed,Cryptocurrency Regulation,Hang Seng,4.99,314.53,Negative,Agriculture,Low
Financial sector bracing for new capital requirements,IPO Launch,TSX,-0.18,7.52,Positive,Aerospace & Defense,Low
Aerospace and Defense sector sees rally amid geopolitical tensions,Commodity Price Shock,ASX 200,-0.6,149.08,Unknown,Real Estate,High
Bond yields tumble as investors seek safe havens,Geopolitical Event,FTSE 100,4.11,30.24,Positive,Industrials,Low
UK's FTSE 100 sees a boost from favorable trade data,Corporate Earnings Report,Nasdaq Composite,-0.47,457.4,Neutral,Technology,Medium
Government subsidy program gives a lift to the agriculture sector,Commodity Price Shock,Russell 2000,-0.05,204.89,Positive,Transportation,High
Semiconductor shortages weigh heavily on tech sector profits,Interest Rate Change,TSX,-0.11499999999999999,241.36,Positive,Agriculture,Medium
New housing data release shows a slowdown in market activity,Unemployment Rate Announcement,Euro Stoxx 50,-2.35,8.7,Positive,Telecommunications,Low
Utilities sector remains stable during market fluctuations,Economic Data Release,DAX,4.24,418.66,Negative,Energy,High
Central bank maintains status quo on interest rates,Trade Tariffs Announcement,S&P 500,1.06,25.01,Negative,Agriculture,High
E-commerce earnings report beats all analyst expectations,Supply Chain Disruption,Euro Stoxx 50,-3.79,71.75,Negative,Finance,High
Unexpected rise in unemployment fuels market pessimism,Government Policy Announcement,TSX,-0.82,393.62,Negative,Consumer Goods,Low
Merger talks between two banks fall through,Cryptocurrency Regulation,S&P/TSX Composite,-0.94,321.84,Neutral,Retail,High
Automotive industry faces headwinds from rising material costs,Major Merger/Acquisition,Nasdaq Composite,0.09,285.52,Neutral,Finance,High
Geopolitical ceasefire prompts a broad market recovery,Interest Rate Change,DAX,-1.33,197.01,Negative,Finance,High
New IPO for a popular software firm is oversubscribed,Bond Market Fluctuation,Nikkei 225,1.94,267.09,Positive,Media & Entertainment,Medium
Massive stock buyback program announced by a consumer goods company,Regulatory Changes,Hang Seng,-4.49,248.94,Positive,Construction,Low
Market sentiment turns positive on vaccine trial results,Bond Market Fluctuation,Euro Stoxx 50,-0.98,470.63,Neutral,Media & Entertainment,Medium
Financial services stocks rally on strong profit margins,Bond Market Fluctuation,ASX 200,-1.11,262.76,Positive,Utilities,Medium
Gold prices surge as investors flee riskier assets,Government Policy Announcement,Nasdaq Composite,2.36,431.14,Negative,Transportation,Low
Central bank maintains status quo on interest rates,Central Bank Meeting,Hang Seng,0.15,147.45,Positive,Transportation,Low
Geopolitical ceasefire prompts a broad market recovery,Currency Devaluation,DAX,-0.65,233.8,Neutral,Media & Entertainment,Low
Government subsidy program gives a lift to the agriculture sector,Supply Chain Disruption,ASX 200,-3.79,80.24,Negative,Consumer Goods,High
Major oil spill sends energy stocks plummeting,Economic Data Release,S&P 500,1.86,322.25,Negative,Healthcare,Medium
Government subsidy program gives a lift to the agriculture sector,Geopolitical Event,Dow Jones,-0.11499999999999999,347.84,Unknown,Telecommunications,Low
Media and Entertainment companies report a surge in streaming revenue,IPO Launch,DAX,-2.36,196.89,Unknown,Agriculture,High
"Global trade talks collapse, causing market turmoil",Trade Tariffs Announcement,DAX,4.26,259.79,Positive,Agriculture,High
Energy company's dividend hike excites shareholders,Economic Data Release,Euro Stoxx 50,-2.59,162.08,Negative,Energy,High
Government policy shift boosts renewable energy sector,Supply Chain Disruption,IBOVESPA,0.86,267.62,Positive,Transportation,Medium
UK's FTSE 100 sees a boost from favorable trade data,Corporate Earnings Report,Nikkei 225,-4.2,7.51,Neutral,Media & Entertainment,High
Crude oil prices drop to a multi-year low,Supply Chain Disruption,Nasdaq Composite,0.53,110.48,Positive,Telecommunications,Medium
New housing data release shows a slowdown in market activity,Inflation Data Release,BSE Sensex,4.7,419.81,Neutral,Media & Entertainment,High
Market braces for a major policy announcement from the EU,Central Bank Meeting,TSX,2.92,464.3,Positive,Real Estate,Low
Market braces for a major policy announcement from the EU,Market Rally,DAX,-3.78,381.07,Positive,Transportation,Low
Aerospace and Defense sector sees rally amid geopolitical tensions,Consumer Confidence Report,Euro Stoxx 50,-3.49,312.07,Positive,Agriculture,Low
Pharmaceutical company's drug approval drives stock upward,Inflation Data Release,TSX,-3.13,76.63,Negative,Automotive,Low
Crude oil prices drop to a multi-year low,Consumer Confidence Report,FTSE 100,3.11,80.75,Neutral,Transportation,Medium
Mining company stock surges on commodity price boom,Major Merger/Acquisition,BSE Sensex,-1.91,439.74,Neutral,Real Estate,Low
A massive data breach sends a tech company's stock tumbling,Geopolitical Event,ASX 200,2.51,496.05,Unknown,Healthcare,Low
Consumer Discretionary stocks outperform as spending increases,Currency Devaluation,TSX,2.38,88.86,Negative,Materials,Low
New IPO for a popular software firm is oversubscribed,Corporate Earnings Report,Shanghai Composite,-1.26,359.28,Positive,Transportation,Medium
Consumer Discretionary stocks outperform as spending increases,Cryptocurrency Regulation,KOSPI,4.57,376.31,Positive,Utilities,High
ASX 200 gains on strong export performance,Market Rally,Russell 2000,3.92,399.84,Negative,Utilities,Low
Geopolitical ceasefire prompts a broad market recovery,Stock Market Crash,S&P 500,2.72,329.55,Negative,Retail,Low
Federal Reserve Chairman's speech causes market volatility,Regulatory Changes,CAC 40,-2.71,143.96,Negative,Energy,Medium
Banking stocks dip after a major scandal is revealed,Market Rally,IBOVESPA,4.95,388.38,Neutral,Technology,High
UK's FTSE 100 sees a boost from favorable trade data,Interest Rate Change,S&P 500,2.3,459.91,Positive,Transportation,Medium
E-commerce earnings report beats all analyst expectations,Consumer Confidence Report,TSX,1.49,294.51,Neutral,Media & Entertainment,Low
Massive stock buyback program announced by a consumer goods company,Trade Tariffs Announcement,CAC 40,-0.06,241.84,Negative,Agriculture,Medium
Crude oil prices drop to a multi-year low,Supply Chain Disruption,TSX,4.13,357.84,Positive,Agriculture,Low
Massive stock buyback program announced by a consumer goods company,Consumer Confidence Report,BSE Sensex,-3.38,206.23,Unknown,Media & Entertainment,Low
Manufacturing PMI data signals economic expansion,Trade Tariffs Announcement,IBOVESPA,-1.03,400.56,Neutral,Construction,Medium
E-commerce earnings report beats all analyst expectations,Commodity Price Shock,S&P 500,2.71,342.38,Negative,Materials,High
Supply chain issues impact manufacturing sector earnings,Supply Chain Disruption,KOSPI,2.75,298.1,Unknown,Materials,Medium
Supply chain issues impact manufacturing sector earnings,Major Merger/Acquisition,Euro Stoxx 50,-2.08,466.46,Negative,Technology,Medium
Massive stock buyback program announced by a consumer goods company,Unemployment Rate Announcement,Nikkei 225,-1.42,178.95,Neutral,Utilities,High
Government spending bill is expected to stimulate the economy,Market Rally,KOSPI,3.32,138.84,Neutral,Construction,High
Market braces for a major policy announcement from the EU,Commodity Price Shock,Nikkei 225,1.16,218.92,Positive,Construction,Low
Tech Giant's New Product Launch Sparks Sector-Wide Gains,Interest Rate Change,Shanghai Composite,-4.12,302.65,Neutral,Utilities,Low
Tech Giant's New Product Launch Sparks Sector-Wide Gains,Government Policy Announcement,S&P 500,2.06,130.35,Positive,Materials,High
Supply chain issues impact manufacturing sector earnings,Unemployment Rate Announcement,BSE Sensex,-3.65,169.96,Negative,Healthcare,Low
Gold prices surge as investors flee riskier assets,Central Bank Meeting,FTSE 100,-3.62,449.82,Neutral,Industrials,Low
Central bank maintains status quo on interest rates,Bond Market Fluctuation,Russell 2000,-2.36,154.91,Negative,Healthcare,Medium
A massive data breach sends a tech company's stock tumbling,Trade Tariffs Announcement,S&P/TSX Composite,3.17,201.61,Neutral,Media & Entertainment,Low
Energy company's dividend hike excites shareholders,Government Policy Announcement,Shanghai Composite,3.97,498.8,Neutral,Healthcare,Low
"Global trade talks collapse, causing market turmoil",Major Merger/Acquisition,S&P 500,-0.22,377.64,Negative,Energy,Low
Unexpected rise in unemployment fuels market pessimism,Supply Chain Disruption,Russell 2000,-3.71,371.12,Unknown,Aerospace & Defense,High
Merger talks between two banks fall through,Trade Tariffs Announcement,FTSE 100,3.88,343.93,Positive,Agriculture,Medium
Bond yields tumble as investors seek safe havens,Regulatory Changes,Hang Seng,-0.54,336.03,Negative,Real Estate,Low
Pharmaceutical company's drug approval drives stock upward,Stock Market Crash,BSE Sensex,-4.81,323.6,Neutral,Automotive,Low
Bond yields tumble as investors seek safe havens,Major Merger/Acquisition,S&P/TSX Composite,-2.19,310.1,Negative,Finance,Medium
Nikkei 225 index benefits from a weaker yen,Bond Market Fluctuation,Dow Jones,-0.12,198.56,Neutral,Agriculture,Medium
Tech Giant's New Product Launch Sparks Sector-Wide Gains,Trade Tariffs Announcement,IBOVESPA,-1.17,312.9,Negative,Agriculture,Medium
A massive data breach sends a tech company's stock tumbling,Stock Market Crash,Euro Stoxx 50,1.47,84.21,Positive,Consumer Goods,Medium
Central bank maintains status quo on interest rates,Supply Chain Disruption,Euro Stoxx 50,3.73,384.39,Negative,Agriculture,Medium
Manufacturing PMI data signals economic expansion,Inflation Data Release,Euro Stoxx 50,-4.65,60.17,Unknown,Industrials,Medium
Financial services stocks rally on strong profit margins,Major Merger/Acquisition,S&P 500,-1.53,94.22,Negative,Industrials,High
Geopolitical ceasefire prompts a broad market recovery,Central Bank Meeting,CAC 40,-1.46,23.68,Negative,Consumer Goods,High
Market sentiment turns positive on vaccine trial results,IPO Launch,IBOVESPA,-4.07,86.37,Neutral,Pharmaceuticals,High
Central Bank's dovish tone hints at future rate cuts,Market Rally,Nasdaq Composite,-0.99,143.46,Positive,Healthcare,Low
New housing data release shows a slowdown in market activity,Central Bank Meeting,Shanghai Composite,-2.71,452.66,Negative,Telecommunications,High
New housing data release shows a slowdown in market activity,Inflation Data Release,Shanghai Composite,4.56,79.57,Negative,Construction,Low
Real Estate sector shows signs of overheating as interest rates fall,Consumer Confidence Report,ASX 200,3.71,295.21,Neutral,Healthcare,Low
ASX 200 gains on strong export performance,Corporate Earnings Report,Dow Jones,2.54,376.98,Neutral,Industrials,Medium
Federal Reserve Chairman's speech causes market volatility,Inflation Data Release,TSX,0.95,470.1,Negative,Agriculture,High
Nikkei 225 index benefits from a weaker yen,Commodity Price Shock,Shanghai Composite,-1.45,105.9,Positive,Technology,Low
Healthcare stocks gain on robust demand and strong outlook,Regulatory Changes,IBOVESPA,4.56,109.85,Positive,Aerospace & Defense,High
Crude oil prices drop to a multi-year low,Commodity Price Shock,FTSE 100,-4.39,441.23,Negative,Utilities,High
Dow Jones plunges as market fears recession,Central Bank Meeting,S&P 500,-4.33,227.74,Neutral,Automotive,Medium
Manufacturing PMI data signals economic expansion,Regulatory Changes,Hang Seng,-1.33,33.8,Unknown,Finance,High
Supply chain issues impact manufacturing sector earnings,Consumer Confidence Report,Hang Seng,-0.97,347.64,Positive,Agriculture,Medium
Utilities sector remains stable during market fluctuations,IPO Launch,Hang Seng,-3.51,467.02,Negative,Technology,Low
Central Bank's dovish tone hints at future rate cuts,Corporate Earnings Report,Nikkei 225,1.13,191.56,Positive,Automotive,High
Pharmaceutical company's drug approval drives stock upward,Consumer Confidence Report,Hang Seng,3.17,109.09,Positive,Transportation,High
Automotive industry faces headwinds from rising material costs,Inflation Data Release,IBOVESPA,3.29,86.99,Neutral,Telecommunications,Medium
Tech Giant's New Product Launch Sparks Sector-Wide Gains,Consumer Confidence Report,S&P 500,-0.11499999999999999,197.94,Positive,Utilities,High
Central bank maintains status quo on interest rates,Central Bank Meeting,BSE Sensex,-0.11499999999999999,286.11,Neutral,Industrials,Low
"Global trade talks collapse, causing market turmoil",Trade Tariffs Announcement,CAC 40,2.26,113.07,Neutral,Retail,Low
Central Bank Governor signals potential shift in policy,Central Bank Meeting,Nasdaq Composite,-4.5,77.19,Positive,Materials,Medium
Tech Giant's New Product Launch Sparks Sector-Wide Gains,Bond Market Fluctuation,KOSPI,0.56,114.54,Negative,Transportation,Medium
Central bank maintains status quo on interest rates,Economic Data Release,NSE Nifty,3.23,225.01,Negative,Utilities,High
Pharmaceutical company's drug approval drives stock upward,IPO Launch,S&P 500,-3.79,109.65,Negative,Real Estate,Medium
Central Bank's dovish tone hints at future rate cuts,Central Bank Meeting,Nasdaq Composite,-0.18,84.22,Neutral,Transportation,Medium
Central Bank Governor signals potential shift in policy,Unemployment Rate Announcement,DAX,2.09,403.78,Positive,Real Estate,High
Bond yields tumble as investors seek safe havens,Trade Tariffs Announcement,Dow Jones,-3.34,149.94,Positive,Technology,Medium
Bond yields tumble as investors seek safe havens,Central Bank Meeting,Nikkei 225,-0.72,179.98,Negative,Energy,Low
Central Bank's dovish tone hints at future rate cuts,Central Bank Meeting,S&P 500,4.58,84.63,Neutral,Consumer Goods,High
Massive stock buyback program announced by a consumer goods company,Regulatory Changes,Hang Seng,-4.68,377.7,Neutral,Finance,Medium
Tech Giant's New Product Launch Sparks Sector-Wide Gains,Economic Data Release,Shanghai Composite,1.96,277.53,Negative,Utilities,High
Crude oil prices drop to a multi-year low,Government Policy Announcement,Euro Stoxx 50,-3.63,150.93,Positive,Aerospace & Defense,Low
Market sentiment turns positive on vaccine trial results,Currency Devaluation,Shanghai Composite,-3.88,122.4,Positive,Materials,Low
Unexpected rise in unemployment fuels market pessimism,Consumer Confidence Report,CAC 40,-2.45,249.03,Positive,Construction,High
Market sentiment turns positive on vaccine trial results,Market Rally,FTSE 100,1.73,131.27,Positive,Materials,Low
Pharmaceutical company's drug approval drives stock upward,Central Bank Meeting,KOSPI,-2.78,191.48,Neutral,Utilities,Low
Mining company stock surges on commodity price boom,Corporate Earnings Report,Dow Jones,-4.84,244.28,Negative,Construction,Medium
Government subsidy program gives a lift to the agriculture sector,Major Merger/Acquisition,NSE Nifty,1.3,433.21,Neutral,Healthcare,Medium
New regulations on cryptocurrencies cause a market dip,Geopolitical Event,FTSE 100,0.77,304.43,Negative,Utilities,Low
New regulations on cryptocurrencies cause a market dip,Economic Data Release,BSE Sensex,-0.82,281.38,Negative,Automotive,Low
ASX 200 gains on strong export performance,Interest Rate Change,NSE Nifty,3.32,264.66,Neutral,Transportation,High
Utilities sector remains stable during market fluctuations,Interest Rate Change,TSX,2.06,11.62,Positive,Industrials,Medium
Government spending bill is expected to stimulate the economy,Geopolitical Event,Hang Seng,3.22,497.78,Negative,Utilities,Low
Automotive industry faces headwinds from rising material costs,Currency Devaluation,Russell 2000,-4.68,149.6,Positive,Pharmaceuticals,High
Semiconductor shortages weigh heavily on tech sector profits,Currency Devaluation,Russell 2000,-3.78,349.18,Negative,Consumer Goods,High
Government policy shift boosts renewable energy sector,Major Merger/Acquisition,Shanghai Composite,0.18,177.39,Neutral,Utilities,High
"Global trade talks collapse, causing market turmoil",Regulatory Changes,Shanghai Composite,-1.98,437.35,Negative,Real Estate,Low
E-commerce earnings report beats all analyst expectations,Government Policy Announcement,Dow Jones,-3.93,259.51,Neutral,Real Estate,Low
Supply chain issues impact manufacturing sector earnings,Trade Tariffs Announcement,Dow Jones,2.19,59.92,Positive,Energy,Low
"Global trade talks collapse, causing market turmoil",Supply Chain Disruption,Nikkei 225,-0.6,74.68,Positive,Telecommunications,Medium
Media and Entertainment companies report a surge in streaming revenue,Bond Market Fluctuation,Shanghai Composite,2.6,83.64,Neutral,Materials,Low
Bond yields tumble as investors seek safe havens,Corporate Earnings Report,CAC 40,1.01,141.28,Neutral,Industrials,Low
Gold prices surge as investors flee riskier assets,Commodity Price Shock,Shanghai Composite,-1.99,318.95,Neutral,Agriculture,Low
Supply chain issues impact manufacturing sector earnings,Interest Rate Change,NSE Nifty,1.04,48.74,Positive,Utilities,High
ASX 200 gains on strong export performance,Bond Market Fluctuation,S&P/TSX Composite,-2.56,345.67,Neutral,Materials,High
A massive data breach sends a tech company's stock tumbling,Corporate Earnings Report,Dow Jones,3.64,249.7,Neutral,Industrials,High
A massive data breach sends a tech company's stock tumbling,Interest Rate Change,TSX,4.44,81.04,Neutral,Automotive,Low
Banking stocks dip after a major scandal is revealed,Stock Market Crash,TSX,-2.18,383.45,Positive,Automotive,Medium
Record-high inflation data rattles investors,Interest Rate Change,Nikkei 225,-3.43,484.69,Negative,Energy,Low
New IPO for a popular software firm is oversubscribed,Regulatory Changes,Euro Stoxx 50,1.49,362.13,Positive,Aerospace & Defense,High
Supply chain issues impact manufacturing sector earnings,Trade Tariffs Announcement,Nikkei 225,0.8,284.82,Positive,Finance,High
Manufacturing PMI data signals economic expansion,Market Rally,Nasdaq Composite,0.63,252.26,Negative,Construction,High
Central bank maintains status quo on interest rates,Supply Chain Disruption,Dow Jones,-3.41,306.38,Negative,Real Estate,High
Retail sales report surpasses all forecasts,Interest Rate Change,Euro Stoxx 50,-4.73,256.83,Negative,Energy,High
Pharmaceutical company's drug approval drives stock upward,Commodity Price Shock,Russell 2000,-4.99,321.23,Positive,Technology,Low
A massive data breach sends a tech company's stock tumbling,Central Bank Meeting,DAX,-2.23,493.35,Negative,Agriculture,Low
Automotive industry faces headwinds from rising material costs,Cryptocurrency Regulation,FTSE 100,-3.3,483.37,Unknown,Healthcare,High
New regulations on cryptocurrencies cause a market dip,Major Merger/Acquisition,DAX,4.47,395.1,Negative,Industrials,High
Record-high inflation data rattles investors,Consumer Confidence Report,ASX 200,-4.27,24.61,Positive,Finance,Medium
Utilities sector remains stable during market fluctuations,Geopolitical Event,S&P 500,-0.11499999999999999,151.44,Neutral,Finance,Medium
Semiconductor shortages weigh heavily on tech sector profits,Central Bank Meeting,Shanghai Composite,1.44,121.56,Negative,Real Estate,Low
Semiconductor shortages weigh heavily on tech sector profits,Currency Devaluation,Nasdaq Composite,-0.8,197.65,Positive,Agriculture,Low
Real Estate sector shows signs of overheating as interest rates fall,Bond Market Fluctuation,FTSE 100,2.47,164.02,Positive,Energy,High
UK's FTSE 100 sees a boost from favorable trade data,Regulatory Changes,BSE Sensex,0.04,336.28,Negative,Transportation,High
Major technology firm acquires a smaller rival in a multi-billion dollar deal,Supply Chain Disruption,Nikkei 225,0.38,14.02,Positive,Construction,High
Banking stocks dip after a major scandal is revealed,Supply Chain Disruption,Euro Stoxx 50,-1.79,140.57,Positive,Agriculture,High
Semiconductor shortages weigh heavily on tech sector profits,Unemployment Rate Announcement,FTSE 100,-1.27,92.08,Neutral,Agriculture,Medium
"Global trade talks collapse, causing market turmoil",Economic Data Release,Nikkei 225,4.65,257.47,Neutral,Aerospace & Defense,Low
Consumer Discretionary stocks outperform as spending increases,Corporate Earnings Report,IBOVESPA,-1.6,2.91,Neutral,Energy,Medium
Automotive industry faces headwinds from rising material costs,Stock Market Crash,CAC 40,-2.36,183.44,Negative,Materials,Medium
Government subsidy program gives a lift to the agriculture sector,Government Policy Announcement,Russell 2000,1.46,110.46,Positive,Agriculture,Medium
Automotive industry faces headwinds from rising material costs,Commodity Price Shock,TSX,-4.58,487.93,Neutral,Aerospace & Defense,Medium
Dow Jones plunges as market fears recession,Bond Market Fluctuation,ASX 200,2.52,201.86,Negative,Technology,Medium
Record-high inflation data rattles investors,Currency Devaluation,S&P/TSX Composite,-3.45,290.53,Negative,Industrials,High
Tech Giant's New Product Launch Sparks Sector-Wide Gains,Inflation Data Release,ASX 200,-2.87,69.18,Positive,Telecommunications,Low
Banking stocks dip after a major scandal is revealed,Bond Market Fluctuation,DAX,-0.11499999999999999,377.06,Neutral,Industrials,Medium
Crude oil prices drop to a multi-year low,Supply Chain Disruption,TSX,-0.11499999999999999,155.13,Neutral,Technology,Medium
Unexpected rise in unemployment fuels market pessimism,Currency Devaluation,Nasdaq Composite,4.45,97.61,Neutral,Media & Entertainment,Low
Energy company's dividend hike excites shareholders,Central Bank Meeting,FTSE 100,1.54,176.24,Positive,Industrials,Low
"Global trade talks collapse, causing market turmoil",Unemployment Rate Announcement,NSE Nifty,-2.74,484.85,Positive,Real Estate,Low
Utilities sector remains stable during market fluctuations,Cryptocurrency Regulation,Nasdaq Composite,3.05,191.82,Neutral,Agriculture,Medium
China's Shanghai Composite falls after new trade restrictions,Consumer Confidence Report,Dow Jones,-2.21,333.33,Positive,Aerospace & Defense,Low
ASX 200 gains on strong export performance,Commodity Price Shock,Hang Seng,4.42,488.49,Neutral,Finance,High
New housing data release shows a slowdown in market activity,Economic Data Release,TSX,-2.25,265.62,Negative,Telecommunications,Medium
Central Bank Governor signals potential shift in policy,Economic Data Release,Russell 2000,-0.11499999999999999,185.71,Negative,Pharmaceuticals,Medium
Tech Giant's New Product Launch Sparks Sector-Wide Gains,Consumer Confidence Report,Nasdaq Composite,-3.65,249.29,Positive,Media & Entertainment,High
ASX 200 gains on strong export performance,Economic Data Release,Russell 2000,-0.42,212.24,Positive,Technology,Low
Crude oil prices drop to a multi-year low,Unemployment Rate Announcement,Dow Jones,-0.24,480.19,Negative,Utilities,Medium
Quarterly report shows surprising losses for retail giants,Interest Rate Change,TSX,-3.46,189.55,Negative,Telecommunications,Medium
Record-high inflation data rattles investors,Geopolitical Event,ASX 200,-3.5,475.2,Neutral,Materials,High
Major oil spill sends energy stocks plummeting,Bond Market Fluctuation,S&P 500,4.55,277.24,Positive,Telecommunications,High
Utilities sector remains stable during market fluctuations,Central Bank Meeting,Shanghai Composite,-0.07,29.33,Negative,Healthcare,High
New housing data release shows a slowdown in market activity,Major Merger/Acquisition,Hang Seng,-1.53,246.25,Neutral,Materials,Low
Banking stocks dip after a major scandal is revealed,Economic Data Release,S&P 500,4.3,480.14,Neutral,Construction,Medium
Banking stocks dip after a major scandal is revealed,Geopolitical Event,Euro Stoxx 50,-1.46,129.22,Negative,Automotive,Medium
Central Bank Governor signals potential shift in policy,Currency Devaluation,Nikkei 225,-3.78,339.53,Positive,Real Estate,Medium
New IPO for a popular software firm is oversubscribed,Consumer Confidence Report,Nasdaq Composite,-3.76,76.61,Negative,Construction,Medium
Market sentiment turns positive on vaccine trial results,Economic Data Release,S&P/TSX Composite,1.91,73.24,Negative,Agriculture,High
China's Shanghai Composite falls after new trade restrictions,Market Rally,BSE Sensex,-4.14,448.04,Positive,Aerospace & Defense,High
Media and Entertainment companies report a surge in streaming revenue,Commodity Price Shock,DAX,-1.68,426.05,Neutral,Construction,Low
Automotive industry faces headwinds from rising material costs,Stock Market Crash,TSX,-2.57,131.5,Positive,Transportation,Medium
Aerospace and Defense sector sees rally amid geopolitical tensions,Corporate Earnings Report,FTSE 100,-0.04,64.69,Unknown,Automotive,Medium
Energy company's dividend hike excites shareholders,Cryptocurrency Regulation,FTSE 100,-1.09,104.53,Positive,Industrials,Medium
Media and Entertainment companies report a surge in streaming revenue,IPO Launch,S&P 500,2.69,425.48,Neutral,Aerospace & Defense,High
Real Estate sector shows signs of overheating as interest rates fall,Supply Chain Disruption,Nasdaq Composite,-3.74,331.77,Negative,Transportation,Medium
Dow Jones plunges as market fears recession,Cryptocurrency Regulation,S&P/TSX Composite,-0.11499999999999999,366.97,Neutral,Industrials,Low
Gold prices surge as investors flee riskier assets,Currency Devaluation,S&P 500,0.22,143.08,Neutral,Technology,Low
Healthcare stocks gain on robust demand and strong outlook,Supply Chain Disruption,S&P/TSX Composite,-2.89,390.18,Neutral,Automotive,High
Pharmaceutical company's drug approval drives stock upward,Commodity Price Shock,FTSE 100,-2.06,144.82,Neutral,Pharmaceuticals,Medium
Government subsidy program gives a lift to the agriculture sector,Market Rally,S&P/TSX Composite,-0.11499999999999999,395.33,Neutral,Retail,Low
Financial sector bracing for new capital requirements,Economic Data Release,TSX,3.1,431.51,Positive,Telecommunications,Medium
Real Estate sector shows signs of overheating as interest rates fall,Inflation Data Release,Hang Seng,-4.8,419.9,Negative,Construction,Medium
Real Estate sector shows signs of overheating as interest rates fall,Consumer Confidence Report,NSE Nifty,-2.12,184.96,Positive,Retail,Low
Government spending bill is expected to stimulate the economy,Bond Market Fluctuation,Nikkei 225,0.12,420.46,Negative,Retail,Medium
Utilities sector remains stable during market fluctuations,Currency Devaluation,TSX,-0.51,147.28,Neutral,Media & Entertainment,High
Retail sales report surpasses all forecasts,Economic Data Release,Nikkei 225,-3.76,270.71,Neutral,Real Estate,High
Geopolitical ceasefire prompts a broad market recovery,Geopolitical Event,Euro Stoxx 50,-3.74,111.7,Positive,Technology,Low
Crude oil prices drop to a multi-year low,Stock Market Crash,KOSPI,1.43,117.34,Negative,Energy,Low
Merger talks between two banks fall through,Stock Market Crash,TSX,-4.51,326.15,Neutral,Utilities,Low
"Global trade talks collapse, causing market turmoil",Supply Chain Disruption,Nikkei 225,2.59,454.77,Neutral,Media & Entertainment,High
China's Shanghai Composite falls after new trade restrictions,Bond Market Fluctuation,Nikkei 225,1.72,111.19,Negative,Healthcare,Medium
Financial services stocks rally on strong profit margins,Major Merger/Acquisition,S&P/TSX Composite,-2.44,13.82,Neutral,Materials,Medium
Media and Entertainment companies report a surge in streaming revenue,Market Rally,IBOVESPA,-1.94,359.56,Negative,Finance,Medium
Financial services stocks rally on strong profit margins,Corporate Earnings Report,Nikkei 225,0.94,446.1,Negative,Transportation,Low
Retail sales report surpasses all forecasts,Unemployment Rate Announcement,Nasdaq Composite,0.76,184.66,Neutral,Agriculture,Low
Government policy shift boosts renewable energy sector,Commodity Price Shock,Hang Seng,-0.11499999999999999,180.27,Positive,Finance,Low
Consumer confidence index reaches a decade high,Central Bank Meeting,Nasdaq Composite,-2.1,424.6,Positive,Retail,Low
Media and Entertainment companies report a surge in streaming revenue,Government Policy Announcement,Euro Stoxx 50,-4.65,35.54,Positive,Retail,Low
China's Shanghai Composite falls after new trade restrictions,Stock Market Crash,Euro Stoxx 50,-1.88,319.7,Neutral,Automotive,Low
Massive stock buyback program announced by a consumer goods company,Cryptocurrency Regulation,KOSPI,2.13,169.48,Neutral,Energy,Low
Government policy shift boosts renewable energy sector,Major Merger/Acquisition,ASX 200,2.67,134.04,Unknown,Aerospace & Defense,Low
Financial services stocks rally on strong profit margins,Commodity Price Shock,Hang Seng,1.73,291.34,Neutral,Technology,Medium
Unexpected rise in unemployment fuels market pessimism,Market Rally,IBOVESPA,1.3,436.99,Positive,Telecommunications,Medium
Pharmaceutical company's drug approval drives stock upward,Commodity Price Shock,Euro Stoxx 50,-4.82,452.55,Neutral,Finance,High
Nikkei 225 index benefits from a weaker yen,Government Policy Announcement,Euro Stoxx 50,-3.33,92.82,Positive,Industrials,High
New housing data release shows a slowdown in market activity,Consumer Confidence Report,KOSPI,-3.83,352.65,Negative,Pharmaceuticals,Medium
Gold prices surge as investors flee riskier assets,Cryptocurrency Regulation,S&P 500,-4.03,465.53,Negative,Healthcare,Medium
Merger talks between two banks fall through,Central Bank Meeting,NSE Nifty,-1.29,303.78,Negative,Transportation,Low
Government subsidy program gives a lift to the agriculture sector,Major Merger/Acquisition,DAX,-2.25,345.01,Negative,Agriculture,Medium
Utilities sector remains stable during market fluctuations,Interest Rate Change,Nikkei 225,-1.4,112.99,Positive,Industrials,Medium
Central bank maintains status quo on interest rates,Bond Market Fluctuation,IBOVESPA,-1.78,250.79,Positive,Healthcare,Low
"Global trade talks collapse, causing market turmoil",Stock Market Crash,DAX,0.16,471.76,Negative,Energy,High
Nikkei 225 index benefits from a weaker yen,Bond Market Fluctuation,ASX 200,-3.13,354.58,Negative,Aerospace & Defense,High
Market sentiment turns positive on vaccine trial results,Currency Devaluation,Hang Seng,-4.99,170.3,Negative,Retail,Low
New IPO for a popular software firm is oversubscribed,Unemployment Rate Announcement,S&P 500,2.26,25.6,Negative,Media & Entertainment,Low
UK's FTSE 100 sees a boost from favorable trade data,Major Merger/Acquisition,IBOVESPA,2.23,286.78,Positive,Agriculture,Low
Geopolitical ceasefire prompts a broad market recovery,Central Bank Meeting,Dow Jones,1.69,447.46,Neutral,Transportation,Medium
Bond yields tumble as investors seek safe havens,Bond Market Fluctuation,Russell 2000,-1.27,460.59,Negative,Media & Entertainment,Low
Government policy shift boosts renewable energy sector,Regulatory Changes,Nikkei 225,1.08,402.26,Positive,Transportation,Low
Semiconductor shortages weigh heavily on tech sector profits,Market Rally,Euro Stoxx 50,4.49,140.87,Neutral,Agriculture,High
Market braces for a major policy announcement from the EU,Cryptocurrency Regulation,Nasdaq Composite,-4.57,67.43,Negative,Healthcare,High
UK's FTSE 100 sees a boost from favorable trade data,Trade Tariffs Announcement,ASX 200,-4.41,494.26,Unknown,Automotive,Low
"Global trade talks collapse, causing market turmoil",Government Policy Announcement,NSE Nifty,1.95,19.37,Positive,Transportation,Medium
Retail sales report surpasses all forecasts,Bond Market Fluctuation,NSE Nifty,-1.2,467.26,Negative,Technology,Medium
Federal Reserve Chairman's speech causes market volatility,Government Policy Announcement,Dow Jones,-0.96,366.56,Neutral,Industrials,High
New regulations on cryptocurrencies cause a market dip,Trade Tariffs Announcement,ASX 200,2.79,278.46,Positive,Telecommunications,Low
China's Shanghai Composite falls after new trade restrictions,IPO Launch,Nikkei 225,-4.97,457.32,Positive,Aerospace & Defense,High
Central Bank's dovish tone hints at future rate cuts,Trade Tariffs Announcement,KOSPI,-1.19,463.54,Neutral,Pharmaceuticals,Low
Massive stock buyback program announced by a consumer goods company,Currency Devaluation,S&P/TSX Composite,3.63,11.23,Neutral,Construction,Medium
New regulations on cryptocurrencies cause a market dip,Stock Market Crash,Shanghai Composite,3.07,289.57,Negative,Retail,Low
Merger talks between two banks fall through,Corporate Earnings Report,ASX 200,1.48,29.93,Neutral,Utilities,Low
Government policy shift boosts renewable energy sector,Interest Rate Change,Dow Jones,3.76,114.42,Negative,Finance,Medium
Bond yields tumble as investors seek safe havens,Unemployment Rate Announcement,Russell 2000,3.44,96.22,Negative,Technology,Low
New regulations on cryptocurrencies cause a market dip,Stock Market Crash,Hang Seng,1.53,471.85,Neutral,Aerospace & Defense,High
Mining company stock surges on commodity price boom,Corporate Earnings Report,Nasdaq Composite,3.21,249.69,Positive,Materials,High
Crude oil prices drop to a multi-year low,Government Policy Announcement,KOSPI,-0.11499999999999999,306.8,Positive,Construction,High
Pharmaceutical company's drug approval drives stock upward,Major Merger/Acquisition,NSE Nifty,2.33,159.38,Positive,Materials,High
New regulations on cryptocurrencies cause a market dip,IPO Launch,Dow Jones,-2.18,272.25,Negative,Materials,Low
UK's FTSE 100 sees a boost from favorable trade data,Major Merger/Acquisition,Nasdaq Composite,2.84,319.4,Negative,Industrials,Medium
Real Estate sector shows signs of overheating as interest rates fall,Government Policy Announcement,S&P 500,-0.11499999999999999,390.75,Positive,Transportation,High
E-commerce earnings report beats all analyst expectations,Inflation Data Release,Euro Stoxx 50,-0.29,337.64,Negative,Construction,Low
Government policy shift boosts renewable energy sector,Consumer Confidence Report,Russell 2000,4.2,318.11,Neutral,Media & Entertainment,Medium
Manufacturing PMI data signals economic expansion,Interest Rate Change,S&P/TSX Composite,-1.48,478.75,Neutral,Telecommunications,Medium
Government policy shift boosts renewable energy sector,Commodity Price Shock,Nikkei 225,-0.11499999999999999,463.05,Negative,Real Estate,Low
Nikkei 225 index benefits from a weaker yen,Consumer Confidence Report,Nikkei 225,0.02,4.19,Negative,Telecommunications,Low
Automotive industry faces headwinds from rising material costs,Interest Rate Change,Russell 2000,-0.11499999999999999,238.48,Negative,Technology,Medium
Manufacturing PMI data signals economic expansion,Economic Data Release,Nasdaq Composite,-1.29,247.98,Negative,Telecommunications,High
ASX 200 gains on strong export performance,Interest Rate Change,DAX,-1.12,449.37,Positive,Retail,High
Quarterly report shows surprising losses for retail giants,Market Rally,Russell 2000,1.95,168.04,Neutral,Technology,Low
Government spending bill is expected to stimulate the economy,Central Bank Meeting,Dow Jones,-2.47,96.2,Negative,Finance,High
Government subsidy program gives a lift to the agriculture sector,Unemployment Rate Announcement,KOSPI,-3.51,34.43,Unknown,Construction,High
Major oil spill sends energy stocks plummeting,Major Merger/Acquisition,Nikkei 225,3.6,24.86,Neutral,Agriculture,High
Bond yields tumble as investors seek safe havens,Interest Rate Change,IBOVESPA,-2.79,28.62,Negative,Energy,High
Banking stocks dip after a major scandal is revealed,Currency Devaluation,Shanghai Composite,3.89,208.79,Negative,Aerospace & Defense,Medium
Central Bank's dovish tone hints at future rate cuts,Central Bank Meeting,FTSE 100,-4.32,484.88,Neutral,Telecommunications,Medium
Government policy shift boosts renewable energy sector,Supply Chain Disruption,TSX,-0.11499999999999999,88.44,Unknown,Telecommunications,High
Government spending bill is expected to stimulate the economy,Unemployment Rate Announcement,Nasdaq Composite,-1.91,472.28,Neutral,Energy,Low
Unexpected rise in unemployment fuels market pessimism,IPO Launch,TSX,-3.23,132.69,Negative,Utilities,Medium
Utilities sector remains stable during market fluctuations,IPO Launch,BSE Sensex,-2.09,300.99,Neutral,Construction,High
Manufacturing PMI data signals economic expansion,Stock Market Crash,Russell 2000,-1.94,379.46,Negative,Real Estate,Medium
Major oil spill sends energy stocks plummeting,Corporate Earnings Report,Euro Stoxx 50,-4.65,413.34,Positive,Retail,High
Federal Reserve Chairman's speech causes market volatility,Cryptocurrency Regulation,Nikkei 225,4.26,45.94,Positive,Energy,Medium
Tech Giant's New Product Launch Sparks Sector-Wide Gains,Currency Devaluation,IBOVESPA,-1.95,446.76,Neutral,Industrials,High
Merger talks between two banks fall through,Regulatory Changes,Shanghai Composite,-2.33,61.78,Negative,Construction,Low
Federal Reserve Chairman's speech causes market volatility,Major Merger/Acquisition,BSE Sensex,3.32,241.89,Neutral,Agriculture,Medium
Unexpected rise in unemployment fuels market pessimism,Trade Tariffs Announcement,Shanghai Composite,0.18,216.56,Negative,Healthcare,Medium
Utilities sector remains stable during market fluctuations,Geopolitical Event,Shanghai Composite,-0.27,140.05,Positive,Aerospace & Defense,Low
Financial sector bracing for new capital requirements,Consumer Confidence Report,Shanghai Composite,-2.17,496.78,Positive,Materials,High
Nikkei 225 index benefits from a weaker yen,Trade Tariffs Announcement,BSE Sensex,-0.49,42.05,Positive,Industrials,Low
New housing data release shows a slowdown in market activity,Market Rally,Hang Seng,-0.52,176.05,Negative,Pharmaceuticals,Medium
Crude oil prices drop to a multi-year low,Corporate Earnings Report,TSX,-3.93,69.64,Negative,Real Estate,High
Real Estate sector shows signs of overheating as interest rates fall,Geopolitical Event,CAC 40,3.58,152.17,Neutral,Agriculture,Medium
Market sentiment turns positive on vaccine trial results,Stock Market Crash,FTSE 100,-0.99,331.54,Negative,Materials,High
Real Estate sector shows signs of overheating as interest rates fall,Geopolitical Event,Dow Jones,4.75,478.94,Negative,Aerospace & Defense,Medium
Government subsidy program gives a lift to the agriculture sector,Inflation Data Release,Nasdaq Composite,4.84,83.48,Negative,Real Estate,High
Mining company stock surges on commodity price boom,Consumer Confidence Report,DAX,2.76,445.13,Neutral,Consumer Goods,Medium
Unexpected rise in unemployment fuels market pessimism,Major Merger/Acquisition,KOSPI,-1.88,139.95,Neutral,Technology,Medium
Major oil spill sends energy stocks plummeting,Unemployment Rate Announcement,Shanghai Composite,-3.81,122.12,Neutral,Utilities,High
New regulations on cryptocurrencies cause a market dip,Inflation Data Release,Nikkei 225,-3.9,450.28,Negative,Construction,Medium
New regulations on cryptocurrencies cause a market dip,Corporate Earnings Report,Hang Seng,-3.76,415.15,Negative,Retail,Low
Financial services stocks rally on strong profit margins,Geopolitical Event,Nikkei 225,1.35,180.29,Neutral,Real Estate,Low
Supply chain issues impact manufacturing sector earnings,Economic Data Release,S&P 500,-2.74,328.3,Neutral,Healthcare,Medium
Banking stocks dip after a major scandal is revealed,Trade Tariffs Announcement,CAC 40,-4.13,129.14,Neutral,Healthcare,High
Quarterly report shows surprising losses for retail giants,Regulatory Changes,ASX 200,2.53,128.16,Positive,Materials,Low
Market sentiment turns positive on vaccine trial results,Consumer Confidence Report,S&P 500,2.44,24.4,Neutral,Utilities,High
UK's FTSE 100 sees a boost from favorable trade data,Trade Tariffs Announcement,Dow Jones,4.24,100.77,Negative,Media & Entertainment,High
Federal Reserve Chairman's speech causes market volatility,Stock Market Crash,Dow Jones,-0.76,44.74,Negative,Transportation,High
Supply chain issues impact manufacturing sector earnings,Inflation Data Release,BSE Sensex,0.27,159.32,Positive,Pharmaceuticals,High
ASX 200 gains on strong export performance,Unemployment Rate Announcement,CAC 40,-2.06,212.83,Positive,Finance,Low
Tech Giant's New Product Launch Sparks Sector-Wide Gains,Geopolitical Event,Russell 2000,-3.71,225.07,Negative,Telecommunications,Medium
Dow Jones plunges as market fears recession,Currency Devaluation,FTSE 100,3.11,52.79,Negative,Finance,Low
Central Bank's dovish tone hints at future rate cuts,Government Policy Announcement,DAX,2.01,1.34,Positive,Automotive,Low
Gold prices surge as investors flee riskier assets,Commodity Price Shock,Shanghai Composite,3.64,108.63,Negative,Energy,Low
Central Bank Governor signals potential shift in policy,Consumer Confidence Report,DAX,2.08,443.93,Negative,Materials,High
A massive data breach sends a tech company's stock tumbling,IPO Launch,Dow Jones,2.96,233.11,Neutral,Pharmaceuticals,Medium
Government policy shift boosts renewable energy sector,Corporate Earnings Report,CAC 40,-1.67,328.16,Negative,Real Estate,Low
Supply chain issues impact manufacturing sector earnings,Cryptocurrency Regulation,S&P/TSX Composite,-4.44,44.07,Positive,Retail,Medium
Real Estate sector shows signs of overheating as interest rates fall,Inflation Data Release,Euro Stoxx 50,-0.11499999999999999,117.07,Neutral,Agriculture,Low
Geopolitical ceasefire prompts a broad market recovery,Supply Chain Disruption,DAX,0.81,9.5,Neutral,Finance,High
Major oil spill sends energy stocks plummeting,Corporate Earnings Report,Dow Jones,2.56,196.97,Neutral,Telecommunications,Low
China's Shanghai Composite falls after new trade restrictions,Commodity Price Shock,IBOVESPA,-1.07,177.22,Neutral,Aerospace & Defense,High
Bond yields tumble as investors seek safe havens,Consumer Confidence Report,Russell 2000,0.93,140.36,Neutral,Retail,High
E-commerce earnings report beats all analyst expectations,Stock Market Crash,Nikkei 225,4.89,437.1,Negative,Automotive,Medium
ASX 200 gains on strong export performance,Unemployment Rate Announcement,CAC 40,-4.34,101.83,Neutral,Utilities,Low
Media and Entertainment companies report a surge in streaming revenue,Corporate Earnings Report,Nikkei 225,-1.44,462.34,Neutral,Energy,Medium
Consumer confidence index reaches a decade high,Corporate Earnings Report,S&P 500,3.4,98.14,Neutral,Utilities,High
Retail sales report surpasses all forecasts,Regulatory Changes,KOSPI,-3.64,211.59,Positive,Automotive,Low
ASX 200 gains on strong export performance,Regulatory Changes,IBOVESPA,-1.27,406.25,Neutral,Media & Entertainment,High
Consumer confidence index reaches a decade high,Trade Tariffs Announcement,TSX,4.67,293.14,Negative,Media & Entertainment,Low
New housing data release shows a slowdown in market activity,Stock Market Crash,CAC 40,-4.94,4.55,Unknown,Automotive,High
Central Bank Governor signals potential shift in policy,Market Rally,Nasdaq Composite,3.98,432.77,Negative,Construction,High
Geopolitical ceasefire prompts a broad market recovery,Cryptocurrency Regulation,S&P/TSX Composite,4.67,179.39,Neutral,Construction,Medium
Automotive industry faces headwinds from rising material costs,Commodity Price Shock,Dow Jones,2.84,263.88,Positive,Construction,Medium
Consumer Discretionary stocks outperform as spending increases,Inflation Data Release,Shanghai Composite,-1.8,280.11,Negative,Consumer Goods,Low
Automotive industry faces headwinds from rising material costs,Stock Market Crash,Russell 2000,2.28,177.01,Positive,Construction,Medium
Aerospace and Defense sector sees rally amid geopolitical tensions,Currency Devaluation,ASX 200,-2.6,398.85,Neutral,Transportation,Medium
Retail sales report surpasses all forecasts,Market Rally,S&P/TSX Composite,2.98,249.74,Negative,Consumer Goods,High
Supply chain issues impact manufacturing sector earnings,Cryptocurrency Regulation,Dow Jones,-0.43,137.07,Negative,Construction,Medium
Bond yields tumble as investors seek safe havens,Market Rally,DAX,3.35,61.67,Unknown,Healthcare,Low
E-commerce earnings report beats all analyst expectations,IPO Launch,FTSE 100,-1.97,292.93,Neutral,Energy,Low
Automotive industry faces headwinds from rising material costs,Central Bank Meeting,CAC 40,-3.83,341.22,Neutral,Technology,Low
Government subsidy program gives a lift to the agriculture sector,Geopolitical Event,S&P/TSX Composite,-2.84,388.9,Neutral,Retail,Low
Financial services stocks rally on strong profit margins,Trade Tariffs Announcement,Russell 2000,1.73,356.71,Negative,Energy,Medium
Central Bank Governor signals potential shift in policy,Supply Chain Disruption,KOSPI,-4.47,424.56,Neutral,Technology,High
Supply chain issues impact manufacturing sector earnings,Government Policy Announcement,S&P/TSX Composite,1.58,348.2,Negative,Energy,High
Unexpected rise in unemployment fuels market pessimism,Market Rally,Euro Stoxx 50,2.33,57.46,Negative,Industrials,Medium
Geopolitical ceasefire prompts a broad market recovery,Commodity Price Shock,KOSPI,-0.26,308.11,Positive,Agriculture,Medium
"Global trade talks collapse, causing market turmoil",Government Policy Announcement,S&P/TSX Composite,-2.95,383.76,Negative,Telecommunications,Low
E-commerce earnings report beats all analyst expectations,Central Bank Meeting,KOSPI,-0.11499999999999999,419.66,Negative,Retail,High
Central Bank Governor signals potential shift in policy,Geopolitical Event,Nikkei 225,4.24,302.07,Negative,Telecommunications,Medium
UK's FTSE 100 sees a boost from favorable trade data,Geopolitical Event,Hang Seng,-2.44,13.29,Positive,Telecommunications,Medium
Major technology firm acquires a smaller rival in a multi-billion dollar deal,Trade Tariffs Announcement,TSX,0.02,235.84,Negative,Healthcare,Low
Market braces for a major policy announcement from the EU,Stock Market Crash,S&P 500,0.61,286.49,Positive,Pharmaceuticals,Medium
New housing data release shows a slowdown in market activity,Unemployment Rate Announcement,NSE Nifty,1.89,450.92,Positive,Media & Entertainment,Low
Government spending bill is expected to stimulate the economy,Interest Rate Change,BSE Sensex,0.32,172.03,Negative,Industrials,High
Federal Reserve Chairman's speech causes market volatility,Cryptocurrency Regulation,NSE Nifty,1.89,452.29,Negative,Healthcare,Medium
Consumer Discretionary stocks outperform as spending increases,Supply Chain Disruption,ASX 200,-2.77,401.87,Neutral,Automotive,Medium
Government spending bill is expected to stimulate the economy,Government Policy Announcement,NSE Nifty,-4.0,229.86,Positive,Pharmaceuticals,High
Tech Giant's New Product Launch Sparks Sector-Wide Gains,Cryptocurrency Regulation,BSE Sensex,1.64,373.02,Positive,Consumer Goods,Medium
Healthcare stocks gain on robust demand and strong outlook,Cryptocurrency Regulation,Euro Stoxx 50,2.36,404.0,Positive,Energy,High
Financial sector bracing for new capital requirements,Economic Data Release,Hang Seng,2.59,308.52,Negative,Technology,High
A massive data breach sends a tech company's stock tumbling,Commodity Price Shock,Nasdaq Composite,3.62,481.19,Neutral,Agriculture,High
Financial sector bracing for new capital requirements,Consumer Confidence Report,DAX,2.08,419.18,Positive,Energy,Medium
Tech Giant's New Product Launch Sparks Sector-Wide Gains,Stock Market Crash,Nikkei 225,-2.42,233.65,Positive,Materials,High
Supply chain issues impact manufacturing sector earnings,Commodity Price Shock,Nikkei 225,-3.47,420.36,Negative,Real Estate,Low
Federal Reserve Chairman's speech causes market volatility,IPO Launch,Euro Stoxx 50,-2.02,22.26,Neutral,Materials,Low
Supply chain issues impact manufacturing sector earnings,Government Policy Announcement,FTSE 100,0.45,473.06,Neutral,Industrials,Medium
Utilities sector remains stable during market fluctuations,IPO Launch,TSX,2.38,90.55,Negative,Utilities,Low
Media and Entertainment companies report a surge in streaming revenue,IPO Launch,Hang Seng,-3.2,298.21,Neutral,Transportation,Low
Manufacturing PMI data signals economic expansion,Commodity Price Shock,CAC 40,4.55,100.72,Negative,Telecommunications,Medium
Banking stocks dip after a major scandal is revealed,Trade Tariffs Announcement,CAC 40,-2.35,206.25,Positive,Utilities,High
Nikkei 225 index benefits from a weaker yen,Bond Market Fluctuation,Shanghai Composite,4.81,4.96,Unknown,Healthcare,High
Tech Giant's New Product Launch Sparks Sector-Wide Gains,Geopolitical Event,S&P/TSX Composite,0.82,489.45,Negative,Utilities,Low
Massive stock buyback program announced by a consumer goods company,Interest Rate Change,TSX,3.8,450.52,Negative,Energy,High
"Global trade talks collapse, causing market turmoil",Inflation Data Release,S&P/TSX Composite,-4.01,280.19,Positive,Automotive,Medium
Merger talks between two banks fall through,Consumer Confidence Report,S&P 500,1.47,437.35,Negative,Technology,High
Federal Reserve Chairman's speech causes market volatility,Inflation Data Release,CAC 40,-3.48,489.49,Neutral,Real Estate,Medium
Market sentiment turns positive on vaccine trial results,Cryptocurrency Regulation,Hang Seng,2.53,400.43,Neutral,Healthcare,Low
Government policy shift boosts renewable energy sector,Major Merger/Acquisition,Dow Jones,3.97,302.32,Neutral,Utilities,Low
Supply chain issues impact manufacturing sector earnings,Bond Market Fluctuation,Hang Seng,-3.79,487.93,Positive,Healthcare,High
Quarterly report shows surprising losses for retail giants,Major Merger/Acquisition,S&P 500,3.2,211.65,Positive,Aerospace & Defense,Low
Central Bank's dovish tone hints at future rate cuts,Cryptocurrency Regulation,Hang Seng,-1.33,194.31,Positive,Retail,Low
Nikkei 225 index benefits from a weaker yen,Stock Market Crash,Shanghai Composite,-2.6,76.42,Positive,Healthcare,Low
ASX 200 gains on strong export performance,Market Rally,ASX 200,2.95,433.44,Positive,Media & Entertainment,Low
Massive stock buyback program announced by a consumer goods company,Currency Devaluation,Dow Jones,1.41,244.08,Neutral,Energy,Low
Banking stocks dip after a major scandal is revealed,Government Policy Announcement,DAX,-2.71,197.68,Positive,Construction,Medium
A massive data breach sends a tech company's stock tumbling,Unemployment Rate Announcement,NSE Nifty,-2.28,329.24,Neutral,Retail,Low
Energy company's dividend hike excites shareholders,Cryptocurrency Regulation,IBOVESPA,-3.38,23.53,Positive,Technology,Low
Dow Jones plunges as market fears recession,Unemployment Rate Announcement,DAX,4.51,467.61,Unknown,Finance,High
Unexpected rise in unemployment fuels market pessimism,Cryptocurrency Regulation,TSX,-0.11499999999999999,376.0,Unknown,Media & Entertainment,Low
Major oil spill sends energy stocks plummeting,Commodity Price Shock,NSE Nifty,-2.49,221.23,Positive,Industrials,High
ASX 200 gains on strong export performance,Inflation Data Release,KOSPI,-2.61,317.24,Negative,Retail,Low
New regulations on cryptocurrencies cause a market dip,Geopolitical Event,S&P 500,-3.11,325.88,Negative,Real Estate,Low
Automotive industry faces headwinds from rising material costs,Central Bank Meeting,Shanghai Composite,-4.56,257.05,Neutral,Agriculture,Low
A massive data breach sends a tech company's stock tumbling,Interest Rate Change,Dow Jones,-4.0,246.33,Negative,Technology,High
Central Bank's dovish tone hints at future rate cuts,Unemployment Rate Announcement,Russell 2000,2.85,221.29,Negative,Technology,Medium
Federal Reserve Chairman's speech causes market volatility,Currency Devaluation,ASX 200,3.22,496.44,Negative,Telecommunications,Medium
Major oil spill sends energy stocks plummeting,Central Bank Meeting,S&P 500,1.73,261.37,Positive,Industrials,Low
Healthcare stocks gain on robust demand and strong outlook,Consumer Confidence Report,Shanghai Composite,4.66,391.76,Neutral,Materials,Medium
Merger talks between two banks fall through,Currency Devaluation,FTSE 100,0.42,352.69,Positive,Transportation,Low
Market sentiment turns positive on vaccine trial results,Bond Market Fluctuation,S&P 500,-0.53,113.51,Positive,Technology,Medium
Healthcare stocks gain on robust demand and strong outlook,Consumer Confidence Report,BSE Sensex,3.26,415.27,Neutral,Energy,Medium
"Global trade talks collapse, causing market turmoil",Currency Devaluation,Dow Jones,-0.11499999999999999,3.07,Negative,Retail,Low
New housing data release shows a slowdown in market activity,Regulatory Changes,FTSE 100,-1.98,115.72,Neutral,Technology,High
Gold prices surge as investors flee riskier assets,Corporate Earnings Report,Hang Seng,-4.87,157.45,Negative,Transportation,High
Consumer Discretionary stocks outperform as spending increases,Commodity Price Shock,Shanghai Composite,-3.78,362.37,Unknown,Real Estate,High
Real Estate sector shows signs of overheating as interest rates fall,Government Policy Announcement,Nasdaq Composite,-4.8,154.0,Neutral,Aerospace & Defense,Low
Mining company stock surges on commodity price boom,Consumer Confidence Report,Dow Jones,3.43,191.27,Unknown,Consumer Goods,High
New housing data release shows a slowdown in market activity,Government Policy Announcement,ASX 200,-0.58,418.65,Neutral,Technology,Low
ASX 200 gains on strong export performance,Unemployment Rate Announcement,BSE Sensex,1.55,320.05,Negative,Real Estate,Low
New regulations on cryptocurrencies cause a market dip,IPO Launch,DAX,-4.98,2.69,Neutral,Pharmaceuticals,Low
Geopolitical ceasefire prompts a broad market recovery,Economic Data Release,Russell 2000,-2.25,185.73,Negative,Consumer Goods,Medium
Government spending bill is expected to stimulate the economy,Trade Tariffs Announcement,ASX 200,3.76,321.25,Neutral,Telecommunications,High
Financial services stocks rally on strong profit margins,Economic Data Release,Hang Seng,-2.15,252.44,Positive,Construction,High
Bond yields tumble as investors seek safe havens,Inflation Data Release,BSE Sensex,1.1,213.54,Unknown,Automotive,Medium
E-commerce earnings report beats all analyst expectations,Central Bank Meeting,Shanghai Composite,-0.11499999999999999,223.81,Neutral,Aerospace & Defense,High
Government subsidy program gives a lift to the agriculture sector,Corporate Earnings Report,KOSPI,0.21,16.37,Positive,Telecommunications,Medium
UK's FTSE 100 sees a boost from favorable trade data,Cryptocurrency Regulation,Nasdaq Composite,-1.21,135.14,Neutral,Aerospace & Defense,Medium
Federal Reserve Chairman's speech causes market volatility,Central Bank Meeting,DAX,0.77,432.06,Positive,Agriculture,Low
Semiconductor shortages weigh heavily on tech sector profits,Market Rally,Dow Jones,-1.47,153.63,Neutral,Pharmaceuticals,Medium
Geopolitical ceasefire prompts a broad market recovery,Inflation Data Release,Russell 2000,2.91,205.65,Negative,Automotive,Low
Consumer confidence index reaches a decade high,Trade Tariffs Announcement,NSE Nifty,1.31,259.1,Negative,Materials,High
New regulations on cryptocurrencies cause a market dip,Geopolitical Event,KOSPI,4.12,9.7,Negative,Automotive,Low
Central bank maintains status quo on interest rates,Consumer Confidence Report,BSE Sensex,-3.06,7.65,Negative,Real Estate,High
Massive stock buyback program announced by a consumer goods company,Consumer Confidence Report,S&P/TSX Composite,-0.29,499.29,Negative,Finance,Medium
Major technology firm acquires a smaller rival in a multi-billion dollar deal,Commodity Price Shock,Euro Stoxx 50,-2.59,109.55,Neutral,Construction,Low
Tech Giant's New Product Launch Sparks Sector-Wide Gains,Interest Rate Change,Nikkei 225,-4.54,268.34,Positive,Industrials,High
"Global trade talks collapse, causing market turmoil",Trade Tariffs Announcement,IBOVESPA,4.51,219.41,Neutral,Utilities,Low
Financial services stocks rally on strong profit margins,Economic Data Release,DAX,2.84,46.39,Negative,Finance,High
Consumer Discretionary stocks outperform as spending increases,Corporate Earnings Report,KOSPI,-0.11499999999999999,9.3,Negative,Utilities,High
Financial sector bracing for new capital requirements,Consumer Confidence Report,Euro Stoxx 50,-4.91,231.85,Negative,Healthcare,Medium
New IPO for a popular software firm is oversubscribed,Consumer Confidence Report,Euro Stoxx 50,-2.99,439.62,Neutral,Aerospace & Defense,Medium
New housing data release shows a slowdown in market activity,Corporate Earnings Report,S&P/TSX Composite,-3.46,137.69,Neutral,Automotive,Medium
Geopolitical ceasefire prompts a broad market recovery,Regulatory Changes,FTSE 100,-2.87,5.12,Negative,Utilities,High
Major oil spill sends energy stocks plummeting,Geopolitical Event,IBOVESPA,1.25,481.59,Unknown,Utilities,High
Banking stocks dip after a major scandal is revealed,Regulatory Changes,S&P 500,2.2,384.45,Neutral,Telecommunications,Low
New regulations on cryptocurrencies cause a market dip,Geopolitical Event,S&P 500,0.43,269.18,Neutral,Automotive,Medium
Tech Giant's New Product Launch Sparks Sector-Wide Gains,Major Merger/Acquisition,Hang Seng,-0.58,337.44,Negative,Utilities,Low
Dow Jones plunges as market fears recession,Trade Tariffs Announcement,Euro Stoxx 50,1.93,45.59,Neutral,Agriculture,Low
Crude oil prices drop to a multi-year low,IPO Launch,Nasdaq Composite,-1.83,336.84,Positive,Transportation,High
ASX 200 gains on strong export performance,Government Policy Announcement,Euro Stoxx 50,-4.13,457.84,Positive,Utilities,Medium
Tech Giant's New Product Launch Sparks Sector-Wide Gains,Consumer Confidence Report,Hang Seng,1.96,415.11,Positive,Real Estate,Medium
UK's FTSE 100 sees a boost from favorable trade data,Regulatory Changes,Nasdaq Composite,0.14,216.05,Negative,Construction,High
Major oil spill sends energy stocks plummeting,Trade Tariffs Announcement,TSX,1.63,396.65,Negative,Consumer Goods,Medium
Utilities sector remains stable during market fluctuations,Unemployment Rate Announcement,Russell 2000,2.94,422.51,Positive,Retail,Low
Automotive industry faces headwinds from rising material costs,Supply Chain Disruption,KOSPI,2.02,389.45,Negative,Telecommunications,High
Merger talks between two banks fall through,Geopolitical Event,Hang Seng,-0.67,296.45,Unknown,Materials,Medium
New housing data release shows a slowdown in market activity,Government Policy Announcement,S&P 500,-2.32,34.0,Negative,Consumer Goods,Low
Financial services stocks rally on strong profit margins,Bond Market Fluctuation,Shanghai Composite,-1.97,427.45,Neutral,Pharmaceuticals,High
Media and Entertainment companies report a surge in streaming revenue,Inflation Data Release,Hang Seng,3.77,8.34,Positive,Aerospace & Defense,High
Media and Entertainment companies report a surge in streaming revenue,Currency Devaluation,Nikkei 225,0.07,462.64,Neutral,Automotive,Low
Record-high inflation data rattles investors,Geopolitical Event,TSX,-1.69,495.09,Neutral,Construction,High
A massive data breach sends a tech company's stock tumbling,Market Rally,Dow Jones,-2.3,465.76,Neutral,Utilities,Low
Automotive industry faces headwinds from rising material costs,Interest Rate Change,Shanghai Composite,0.9,162.32,Positive,Transportation,High
A massive data breach sends a tech company's stock tumbling,Central Bank Meeting,ASX 200,3.96,369.88,Neutral,Industrials,Low
Geopolitical ceasefire prompts a broad market recovery,Economic Data Release,Nasdaq Composite,-4.96,69.88,Positive,Retail,Medium
Merger talks between two banks fall through,Bond Market Fluctuation,Hang Seng,3.5,124.16,Positive,Technology,High
Financial sector bracing for new capital requirements,Economic Data Release,S&P/TSX Composite,-2.84,308.88,Positive,Automotive,Low
Media and Entertainment companies report a surge in streaming revenue,Bond Market Fluctuation,Euro Stoxx 50,2.94,324.3,Negative,Consumer Goods,Medium
New IPO for a popular software firm is oversubscribed,Government Policy Announcement,Euro Stoxx 50,-1.5,6.11,Negative,Automotive,High
Massive stock buyback program announced by a consumer goods company,Commodity Price Shock,DAX,-3.22,116.04,Negative,Pharmaceuticals,High
Retail sales report surpasses all forecasts,Cryptocurrency Regulation,ASX 200,4.38,174.69,Positive,Energy,Medium
Nikkei 225 index benefits from a weaker yen,Stock Market Crash,IBOVESPA,3.96,268.57,Unknown,Construction,High
Nikkei 225 index benefits from a weaker yen,Economic Data Release,Dow Jones,4.39,225.59,Negative,Telecommunications,High
Major technology firm acquires a smaller rival in a multi-billion dollar deal,Consumer Confidence Report,Nasdaq Composite,1.85,464.65,Neutral,Media & Entertainment,Medium
Quarterly report shows surprising losses for retail giants,Supply Chain Disruption,CAC 40,1.13,216.27,Positive,Energy,High
Gold prices surge as investors flee riskier assets,Unemployment Rate Announcement,Hang Seng,-0.04,74.01,Neutral,Automotive,High
Nikkei 225 index benefits from a weaker yen,Consumer Confidence Report,Dow Jones,2.76,293.0,Neutral,Aerospace & Defense,Low
Government spending bill is expected to stimulate the economy,Geopolitical Event,BSE Sensex,-4.38,329.1,Negative,Real Estate,Low
Federal Reserve Chairman's speech causes market volatility,Commodity Price Shock,Euro Stoxx 50,-3.57,445.49,Positive,Media & Entertainment,Medium
Mining company stock surges on commodity price boom,Consumer Confidence Report,IBOVESPA,2.99,87.74,Neutral,Consumer Goods,Medium
Dow Jones plunges as market fears recession,Corporate Earnings Report,Russell 2000,-0.99,186.82,Neutral,Industrials,Medium
UK's FTSE 100 sees a boost from favorable trade data,Market Rally,Hang Seng,1.76,293.69,Unknown,Pharmaceuticals,Medium
New IPO for a popular software firm is oversubscribed,Government Policy Announcement,Hang Seng,0.68,432.41,Negative,Real Estate,High
Consumer Discretionary stocks outperform as spending increases,Trade Tariffs Announcement,NSE Nifty,-4.25,476.8,Unknown,Aerospace & Defense,Medium
Central Bank Governor signals potential shift in policy,Market Rally,Euro Stoxx 50,-0.11499999999999999,192.51,Negative,Aerospace & Defense,Low
Geopolitical ceasefire prompts a broad market recovery,Market Rally,Nikkei 225,2.08,440.36,Positive,Aerospace & Defense,Medium
Retail sales report surpasses all forecasts,Regulatory Changes,Russell 2000,-1.87,341.7,Neutral,Transportation,Low
Aerospace and Defense sector sees rally amid geopolitical tensions,Market Rally,TSX,-4.78,420.34,Neutral,Retail,Low
New IPO for a popular software firm is oversubscribed,Trade Tariffs Announcement,Dow Jones,-0.58,405.64,Negative,Finance,Medium
Tech Giant's New Product Launch Sparks Sector-Wide Gains,Interest Rate Change,FTSE 100,-0.11499999999999999,159.43,Positive,Automotive,Low
Bond yields tumble as investors seek safe havens,Inflation Data Release,NSE Nifty,-4.93,29.2,Neutral,Utilities,High
Record-high inflation data rattles investors,Cryptocurrency Regulation,TSX,-2.25,26.41,Neutral,Materials,Low
E-commerce earnings report beats all analyst expectations,Corporate Earnings Report,ASX 200,-2.26,151.71,Negative,Retail,High
Central bank maintains status quo on interest rates,Geopolitical Event,Shanghai Composite,-3.78,455.47,Neutral,Media & Entertainment,High
Record-high inflation data rattles investors,Central Bank Meeting,NSE Nifty,3.45,499.27,Neutral,Retail,Medium
Nikkei 225 index benefits from a weaker yen,Currency Devaluation,Russell 2000,4.34,183.62,Neutral,Media & Entertainment,Medium
China's Shanghai Composite falls after new trade restrictions,Commodity Price Shock,DAX,4.85,72.33,Positive,Aerospace & Defense,High
Bond yields tumble as investors seek safe havens,Cryptocurrency Regulation,BSE Sensex,-0.11499999999999999,493.8,Unknown,Real Estate,Low
China's Shanghai Composite falls after new trade restrictions,Government Policy Announcement,DAX,-2.13,294.9,Negative,Retail,Low
New IPO for a popular software firm is oversubscribed,Economic Data Release,BSE Sensex,-2.04,18.57,Positive,Energy,High
Real Estate sector shows signs of overheating as interest rates fall,Interest Rate Change,Nikkei 225,0.75,233.91,Positive,Industrials,Low
Central Bank Governor signals potential shift in policy,Major Merger/Acquisition,Nikkei 225,-0.83,346.9,Unknown,Construction,Low
Record-high inflation data rattles investors,Major Merger/Acquisition,ASX 200,-1.15,68.87,Positive,Real Estate,High
"Global trade talks collapse, causing market turmoil",Regulatory Changes,KOSPI,-4.37,368.97,Neutral,Agriculture,High
UK's FTSE 100 sees a boost from favorable trade data,Commodity Price Shock,Shanghai Composite,-4.08,312.93,Neutral,Consumer Goods,High
Consumer confidence index reaches a decade high,Geopolitical Event,S&P/TSX Composite,0.64,257.72,Positive,Pharmaceuticals,Low
Crude oil prices drop to a multi-year low,Currency Devaluation,Shanghai Composite,0.92,292.45,Negative,Healthcare,Low
Automotive industry faces headwinds from rising material costs,Government Policy Announcement,Hang Seng,4.6,402.91,Neutral,Media & Entertainment,Medium
Automotive industry faces headwinds from rising material costs,Major Merger/Acquisition,Shanghai Composite,-3.07,254.24,Negative,Utilities,High
Merger talks between two banks fall through,Bond Market Fluctuation,ASX 200,3.11,132.12,Negative,Industrials,High
Major oil spill sends energy stocks plummeting,Government Policy Announcement,Nasdaq Composite,1.48,453.46,Neutral,Media & Entertainment,Medium
A massive data breach sends a tech company's stock tumbling,IPO Launch,S&P/TSX Composite,-0.47,72.29,Unknown,Utilities,Low
Mining company stock surges on commodity price boom,Trade Tariffs Announcement,ASX 200,-0.79,327.65,Negative,Pharmaceuticals,High
Bond yields tumble as investors seek safe havens,Currency Devaluation,TSX,3.78,242.72,Neutral,Energy,Low
Supply chain issues impact manufacturing sector earnings,Market Rally,S&P 500,2.99,487.32,Neutral,Telecommunications,High
Record-high inflation data rattles investors,Inflation Data Release,DAX,-0.84,112.72,Negative,Finance,Medium
Consumer Discretionary stocks outperform as spending increases,Unemployment Rate Announcement,DAX,-0.93,35.16,Unknown,Pharmaceuticals,High
Automotive industry faces headwinds from rising material costs,IPO Launch,Euro Stoxx 50,3.41,235.93,Negative,Industrials,Low
Supply chain issues impact manufacturing sector earnings,Currency Devaluation,ASX 200,1.31,56.48,Negative,Industrials,Low
Crude oil prices drop to a multi-year low,Stock Market Crash,Euro Stoxx 50,2.22,36.12,Positive,Aerospace & Defense,Medium
Media and Entertainment companies report a surge in streaming revenue,Government Policy Announcement,Hang Seng,-0.11499999999999999,36.13,Negative,Aerospace & Defense,Medium
New housing data release shows a slowdown in market activity,Major Merger/Acquisition,Hang Seng,-4.23,282.37,Negative,Aerospace & Defense,Low
Pharmaceutical company's drug approval drives stock upward,Consumer Confidence Report,S&P/TSX Composite,4.48,72.81,Positive,Materials,High
UK's FTSE 100 sees a boost from favorable trade data,Unemployment Rate Announcement,Euro Stoxx 50,2.37,154.47,Negative,Technology,High
Federal Reserve Chairman's speech causes market volatility,Unemployment Rate Announcement,FTSE 100,0.0,437.52,Neutral,Utilities,Medium
Tech Giant's New Product Launch Sparks Sector-Wide Gains,Economic Data Release,IBOVESPA,-0.11499999999999999,176.51,Neutral,Construction,High
Federal Reserve Chairman's speech causes market volatility,Government Policy Announcement,IBOVESPA,2.19,260.11,Neutral,Energy,Medium
Government spending bill is expected to stimulate the economy,Regulatory Changes,Dow Jones,2.38,151.66,Negative,Pharmaceuticals,High
Gold prices surge as investors flee riskier assets,Trade Tariffs Announcement,Nikkei 225,-4.25,23.34,Negative,Materials,Low
Major technology firm acquires a smaller rival in a multi-billion dollar deal,Government Policy Announcement,DAX,2.49,249.46,Negative,Construction,High
Pharmaceutical company's drug approval drives stock upward,Cryptocurrency Regulation,BSE Sensex,4.62,103.75,Negative,Utilities,Medium
Market sentiment turns positive on vaccine trial results,Unemployment Rate Announcement,CAC 40,-0.11499999999999999,317.84,Neutral,Real Estate,Low
Major technology firm acquires a smaller rival in a multi-billion dollar deal,Central Bank Meeting,FTSE 100,1.97,304.5,Negative,Utilities,Low
Major oil spill sends energy stocks plummeting,IPO Launch,Nasdaq Composite,-1.17,55.03,Neutral,Industrials,Low
Consumer confidence index reaches a decade high,Corporate Earnings Report,S&P 500,2.1,387.49,Positive,Real Estate,High
Healthcare stocks gain on robust demand and strong outlook,Bond Market Fluctuation,Nasdaq Composite,0.65,296.75,Positive,Agriculture,Medium
Government spending bill is expected to stimulate the economy,Major Merger/Acquisition,CAC 40,-0.11499999999999999,237.86,Negative,Automotive,High
Utilities sector remains stable during market fluctuations,IPO Launch,Russell 2000,3.73,136.41,Negative,Finance,Low
New IPO for a popular software firm is oversubscribed,Trade Tariffs Announcement,IBOVESPA,1.04,11.71,Neutral,Energy,Low
Consumer confidence index reaches a decade high,Unemployment Rate Announcement,IBOVESPA,0.37,237.57,Positive,Aerospace & Defense,High
Federal Reserve Chairman's speech causes market volatility,Regulatory Changes,NSE Nifty,-1.48,126.9,Neutral,Construction,Low
Geopolitical ceasefire prompts a broad market recovery,Interest Rate Change,Dow Jones,0.08,354.46,Neutral,Energy,Medium
Semiconductor shortages weigh heavily on tech sector profits,Interest Rate Change,Nikkei 225,-2.1,400.23,Positive,Finance,High
Crude oil prices drop to a multi-year low,Major Merger/Acquisition,TSX,-0.42,379.61,Positive,Pharmaceuticals,High
Consumer Discretionary stocks outperform as spending increases,Currency Devaluation,BSE Sensex,-0.87,330.27,Positive,Pharmaceuticals,High
Unexpected rise in unemployment fuels market pessimism,Trade Tariffs Announcement,Shanghai Composite,4.58,185.94,Positive,Aerospace & Defense,Low
Central bank maintains status quo on interest rates,Trade Tariffs Announcement,ASX 200,1.37,172.41,Positive,Real Estate,Low
Utilities sector remains stable during market fluctuations,Cryptocurrency Regulation,DAX,-4.95,253.53,Positive,Aerospace & Defense,Medium
Record-high inflation data rattles investors,Inflation Data Release,Shanghai Composite,-0.45,362.53,Neutral,Technology,High
Market sentiment turns positive on vaccine trial results,Regulatory Changes,FTSE 100,-1.94,73.99,Positive,Technology,High
Government spending bill is expected to stimulate the economy,Cryptocurrency Regulation,Russell 2000,-1.35,226.13,Positive,Healthcare,Medium
Financial sector bracing for new capital requirements,Government Policy Announcement,Nasdaq Composite,-0.11499999999999999,360.59,Neutral,Media & Entertainment,High
A massive data breach sends a tech company's stock tumbling,Inflation Data Release,Hang Seng,1.16,409.12,Neutral,Telecommunications,Low
Manufacturing PMI data signals economic expansion,Major Merger/Acquisition,Nasdaq Composite,-2.56,391.62,Negative,Materials,High
Government policy shift boosts renewable energy sector,Major Merger/Acquisition,TSX,3.78,105.83,Negative,Telecommunications,Low
Banking stocks dip after a major scandal is revealed,Economic Data Release,Russell 2000,-0.7,352.94,Negative,Utilities,Medium
Federal Reserve Chairman's speech causes market volatility,Economic Data Release,Dow Jones,-2.3,402.53,Negative,Healthcare,Low
Government spending bill is expected to stimulate the economy,Central Bank Meeting,Dow Jones,1.67,411.52,Neutral,Industrials,High
Quarterly report shows surprising losses for retail giants,Geopolitical Event,ASX 200,-1.89,447.11,Negative,Construction,Medium
New IPO for a popular software firm is oversubscribed,Commodity Price Shock,DAX,-2.18,462.33,Negative,Energy,High
Crude oil prices drop to a multi-year low,Regulatory Changes,Euro Stoxx 50,3.52,429.81,Positive,Media & Entertainment,Medium
Geopolitical ceasefire prompts a broad market recovery,Central Bank Meeting,Shanghai Composite,-2.53,325.23,Positive,Aerospace & Defense,Low
New regulations on cryptocurrencies cause a market dip,Consumer Confidence Report,S&P 500,-0.22,51.11,Positive,Utilities,Medium
Retail sales report surpasses all forecasts,Stock Market Crash,Nasdaq Composite,-0.81,77.39,Neutral,Consumer Goods,Low
Government subsidy program gives a lift to the agriculture sector,Currency Devaluation,DAX,4.36,78.48,Negative,Finance,Medium
Dow Jones plunges as market fears recession,Commodity Price Shock,S&P/TSX Composite,-3.34,353.17,Negative,Energy,High
"Global trade talks collapse, causing market turmoil",Unemployment Rate Announcement,Russell 2000,-2.74,185.15,Positive,Pharmaceuticals,Medium
Nikkei 225 index benefits from a weaker yen,Trade Tariffs Announcement,CAC 40,-3.68,89.75,Negative,Construction,Medium
Semiconductor shortages weigh heavily on tech sector profits,Currency Devaluation,KOSPI,-0.11499999999999999,467.06,Neutral,Materials,High
ASX 200 gains on strong export performance,Regulatory Changes,DAX,-3.92,164.99,Negative,Consumer Goods,High
Crude oil prices drop to a multi-year low,Supply Chain Disruption,Hang Seng,3.98,299.93,Negative,Materials,High
Central Bank's dovish tone hints at future rate cuts,Stock Market Crash,FTSE 100,-3.05,1.22,Positive,Materials,Low
E-commerce earnings report beats all analyst expectations,Regulatory Changes,ASX 200,4.87,425.13,Neutral,Utilities,Medium
Consumer Discretionary stocks outperform as spending increases,Trade Tariffs Announcement,S&P/TSX Composite,-2.46,4.07,Neutral,Telecommunications,Medium
ASX 200 gains on strong export performance,Central Bank Meeting,KOSPI,0.72,101.51,Negative,Automotive,High
Utilities sector remains stable during market fluctuations,Corporate Earnings Report,S&P 500,-1.81,456.62,Negative,Real Estate,High
Automotive industry faces headwinds from rising material costs,Stock Market Crash,Nasdaq Composite,0.96,253.38,Neutral,Consumer Goods,High
Major oil spill sends energy stocks plummeting,Interest Rate Change,S&P 500,2.32,196.05,Positive,Retail,High
Central Bank's dovish tone hints at future rate cuts,Major Merger/Acquisition,FTSE 100,3.29,334.89,Neutral,Materials,Low
Gold prices surge as investors flee riskier assets,Economic Data Release,Euro Stoxx 50,3.09,206.15,Negative,Energy,Low
E-commerce earnings report beats all analyst expectations,Consumer Confidence Report,BSE Sensex,-1.85,101.7,Neutral,Finance,Low
Real Estate sector shows signs of overheating as interest rates fall,Geopolitical Event,CAC 40,1.83,263.54,Negative,Technology,Medium
Media and Entertainment companies report a surge in streaming revenue,Regulatory Changes,S&P/TSX Composite,4.36,297.22,Negative,Finance,High
Unexpected rise in unemployment fuels market pessimism,Government Policy Announcement,Euro Stoxx 50,-2.11,330.66,Negative,Construction,Low
Central bank maintains status quo on interest rates,Economic Data Release,Nikkei 225,1.92,67.44,Negative,Transportation,Low
A massive data breach sends a tech company's stock tumbling,Cryptocurrency Regulation,FTSE 100,4.35,438.75,Neutral,Media & Entertainment,Low
Consumer confidence index reaches a decade high,Unemployment Rate Announcement,Euro Stoxx 50,2.99,208.11,Negative,Pharmaceuticals,Low
Dow Jones plunges as market fears recession,Corporate Earnings Report,NSE Nifty,-2.3,294.84,Positive,Technology,High
UK's FTSE 100 sees a boost from favorable trade data,Government Policy Announcement,Dow Jones,3.35,405.14,Unknown,Industrials,Low
Aerospace and Defense sector sees rally amid geopolitical tensions,Market Rally,NSE Nifty,-4.34,151.89,Negative,Energy,High
Central Bank Governor signals potential shift in policy,Commodity Price Shock,TSX,3.72,48.62,Neutral,Industrials,High
A massive data breach sends a tech company's stock tumbling,Major Merger/Acquisition,Euro Stoxx 50,3.83,312.88,Positive,Consumer Goods,Low
Market braces for a major policy announcement from the EU,Bond Market Fluctuation,KOSPI,3.17,344.74,Negative,Utilities,Low
Automotive industry faces headwinds from rising material costs,Government Policy Announcement,TSX,0.94,168.59,Neutral,Construction,High
Dow Jones plunges as market fears recession,Central Bank Meeting,S&P/TSX Composite,-1.33,112.62,Positive,Automotive,High
"Global trade talks collapse, causing market turmoil",Unemployment Rate Announcement,Shanghai Composite,1.66,423.11,Negative,Transportation,Medium
Quarterly report shows surprising losses for retail giants,Regulatory Changes,TSX,-1.1,50.81,Negative,Technology,Low
Nikkei 225 index benefits from a weaker yen,Geopolitical Event,IBOVESPA,-3.6,188.44,Positive,Utilities,Low
Consumer confidence index reaches a decade high,Supply Chain Disruption,Hang Seng,1.4,45.16,Positive,Pharmaceuticals,High
Pharmaceutical company's drug approval drives stock upward,Stock Market Crash,CAC 40,1.54,63.18,Negative,Industrials,Medium
Semiconductor shortages weigh heavily on tech sector profits,Bond Market Fluctuation,BSE Sensex,-2.58,121.64,Positive,Utilities,Low
Central Bank Governor signals potential shift in policy,Inflation Data Release,FTSE 100,-2.56,213.26,Negative,Industrials,Medium
Healthcare stocks gain on robust demand and strong outlook,Interest Rate Change,S&P/TSX Composite,2.05,352.73,Negative,Pharmaceuticals,High
Market sentiment turns positive on vaccine trial results,Government Policy Announcement,CAC 40,2.45,123.21,Negative,Real Estate,Low
Consumer confidence index reaches a decade high,Corporate Earnings Report,FTSE 100,-0.45,77.41,Negative,Automotive,Medium
A massive data breach sends a tech company's stock tumbling,Inflation Data Release,ASX 200,-1.66,103.84,Negative,Telecommunications,Low
Utilities sector remains stable during market fluctuations,Economic Data Release,S&P/TSX Composite,-4.68,471.41,Unknown,Retail,Low
E-commerce earnings report beats all analyst expectations,IPO Launch,Dow Jones,-4.12,105.02,Negative,Construction,Low
Utilities sector remains stable during market fluctuations,Trade Tariffs Announcement,Russell 2000,4.73,167.49,Neutral,Healthcare,High
Dow Jones plunges as market fears recession,Interest Rate Change,Dow Jones,4.24,139.29,Neutral,Telecommunications,Medium
Nikkei 225 index benefits from a weaker yen,Government Policy Announcement,Nasdaq Composite,0.42,417.56,Positive,Agriculture,Low
Unexpected rise in unemployment fuels market pessimism,Interest Rate Change,Russell 2000,-0.11499999999999999,138.54,Unknown,Real Estate,Medium
Central bank maintains status quo on interest rates,Commodity Price Shock,Nasdaq Composite,2.8,135.57,Neutral,Consumer Goods,Medium
New IPO for a popular software firm is oversubscribed,Interest Rate Change,DAX,-2.86,255.54,Neutral,Media & Entertainment,High
Major technology firm acquires a smaller rival in a multi-billion dollar deal,Regulatory Changes,KOSPI,-3.22,44.35,Positive,Industrials,High
Consumer Discretionary stocks outperform as spending increases,Inflation Data Release,IBOVESPA,4.54,428.4,Positive,Energy,Medium
UK's FTSE 100 sees a boost from favorable trade data,Geopolitical Event,Nasdaq Composite,-1.91,93.55,Neutral,Automotive,Low
New regulations on cryptocurrencies cause a market dip,Stock Market Crash,Hang Seng,1.26,77.07,Positive,Utilities,Low
Market braces for a major policy announcement from the EU,Trade Tariffs Announcement,KOSPI,-0.33,431.14,Neutral,Transportation,Medium
Consumer confidence index reaches a decade high,Government Policy Announcement,ASX 200,1.2,312.51,Positive,Finance,Low
Nikkei 225 index benefits from a weaker yen,Geopolitical Event,S&P/TSX Composite,-3.79,293.62,Unknown,Automotive,Medium
Media and Entertainment companies report a surge in streaming revenue,Geopolitical Event,CAC 40,1.15,214.93,Negative,Finance,High
Banking stocks dip after a major scandal is revealed,IPO Launch,KOSPI,4.21,237.16,Negative,Materials,High
Government spending bill is expected to stimulate the economy,IPO Launch,FTSE 100,-1.59,84.79,Positive,Healthcare,High
Media and Entertainment companies report a surge in streaming revenue,Government Policy Announcement,TSX,-1.52,79.94,Neutral,Construction,High
Mining company stock surges on commodity price boom,Major Merger/Acquisition,Dow Jones,0.74,256.35,Unknown,Retail,Low
Semiconductor shortages weigh heavily on tech sector profits,Economic Data Release,Russell 2000,-3.33,217.32,Negative,Transportation,High
Pharmaceutical company's drug approval drives stock upward,IPO Launch,Russell 2000,-1.63,129.35,Positive,Consumer Goods,High
E-commerce earnings report beats all analyst expectations,Market Rally,BSE Sensex,2.75,118.17,Neutral,Real Estate,Low
Consumer Discretionary stocks outperform as spending increases,Bond Market Fluctuation,Shanghai Composite,-2.34,383.46,Positive,Agriculture,Low
Media and Entertainment companies report a surge in streaming revenue,Currency Devaluation,FTSE 100,2.48,359.41,Positive,Media & Entertainment,Low
Real Estate sector shows signs of overheating as interest rates fall,Central Bank Meeting,S&P 500,-0.11499999999999999,129.66,Neutral,Agriculture,Medium
Banking stocks dip after a major scandal is revealed,Currency Devaluation,BSE Sensex,-3.72,483.29,Negative,Consumer Goods,Low
Government subsidy program gives a lift to the agriculture sector,Trade Tariffs Announcement,BSE Sensex,1.07,221.73,Neutral,Aerospace & Defense,Medium
Financial sector bracing for new capital requirements,Central Bank Meeting,ASX 200,-4.05,48.05,Negative,Pharmaceuticals,Medium
Tech Giant's New Product Launch Sparks Sector-Wide Gains,Central Bank Meeting,NSE Nifty,-2.4,173.26,Negative,Construction,Low
Automotive industry faces headwinds from rising material costs,Consumer Confidence Report,Russell 2000,-2.9,366.59,Positive,Telecommunications,High
Consumer confidence index reaches a decade high,Market Rally,Shanghai Composite,1.57,248.99,Negative,Telecommunications,Low
New IPO for a popular software firm is oversubscribed,Inflation Data Release,IBOVESPA,3.21,88.4,Neutral,Consumer Goods,Low
Crude oil prices drop to a multi-year low,Government Policy Announcement,Hang Seng,0.74,39.3,Negative,Industrials,High
Crude oil prices drop to a multi-year low,Corporate Earnings Report,Euro Stoxx 50,2.52,18.22,Positive,Industrials,Medium
Aerospace and Defense sector sees rally amid geopolitical tensions,Regulatory Changes,S&P/TSX Composite,-1.82,491.64,Neutral,Utilities,Medium
Manufacturing PMI data signals economic expansion,Interest Rate Change,S&P 500,3.51,64.51,Unknown,Finance,Low
Automotive industry faces headwinds from rising material costs,Market Rally,NSE Nifty,-3.21,351.98,Positive,Energy,Low
Semiconductor shortages weigh heavily on tech sector profits,Commodity Price Shock,Nasdaq Composite,-0.22,405.36,Positive,Agriculture,Low
Banking stocks dip after a major scandal is revealed,Inflation Data Release,BSE Sensex,0.19,184.26,Neutral,Automotive,Low
New housing data release shows a slowdown in market activity,Geopolitical Event,Hang Seng,-3.21,320.75,Positive,Real Estate,Low
Geopolitical ceasefire prompts a broad market recovery,Consumer Confidence Report,Dow Jones,-4.54,290.54,Positive,Media & Entertainment,Medium
Real Estate sector shows signs of overheating as interest rates fall,Market Rally,CAC 40,-0.11499999999999999,113.36,Negative,Real Estate,Low
Major technology firm acquires a smaller rival in a multi-billion dollar deal,Commodity Price Shock,BSE Sensex,4.02,182.61,Negative,Finance,Medium
Semiconductor shortages weigh heavily on tech sector profits,Regulatory Changes,IBOVESPA,-0.12,468.78,Negative,Construction,Medium
"Global trade talks collapse, causing market turmoil",Central Bank Meeting,Hang Seng,-3.92,13.39,Neutral,Consumer Goods,High
Major oil spill sends energy stocks plummeting,Stock Market Crash,NSE Nifty,0.03,487.44,Neutral,Retail,Medium
Healthcare stocks gain on robust demand and strong outlook,Bond Market Fluctuation,S&P/TSX Composite,-2.16,416.62,Positive,Industrials,Medium
E-commerce earnings report beats all analyst expectations,Government Policy Announcement,KOSPI,3.06,273.91,Positive,Media & Entertainment,Medium
UK's FTSE 100 sees a boost from favorable trade data,Geopolitical Event,Russell 2000,-0.78,223.88,Positive,Industrials,High
Major oil spill sends energy stocks plummeting,Inflation Data Release,S&P 500,-4.42,276.41,Positive,Utilities,Low
Consumer Discretionary stocks outperform as spending increases,Regulatory Changes,CAC 40,0.46,442.51,Positive,Industrials,High
Healthcare stocks gain on robust demand and strong outlook,Geopolitical Event,TSX,-3.64,142.03,Positive,Media & Entertainment,Low
Supply chain issues impact manufacturing sector earnings,Central Bank Meeting,CAC 40,2.97,174.53,Neutral,Retail,Medium
Financial services stocks rally on strong profit margins,Central Bank Meeting,BSE Sensex,0.42,398.15,Positive,Finance,Low
Major oil spill sends energy stocks plummeting,IPO Launch,S&P 500,4.9,55.31,Neutral,Real Estate,Medium
New IPO for a popular software firm is oversubscribed,Major Merger/Acquisition,KOSPI,0.43,474.22,Positive,Finance,Low
Mining company stock surges on commodity price boom,Regulatory Changes,Dow Jones,-2.17,400.47,Neutral,Transportation,Medium
Major technology firm acquires a smaller rival in a multi-billion dollar deal,Bond Market Fluctuation,Nikkei 225,-1.33,294.01,Positive,Energy,High
A massive data breach sends a tech company's stock tumbling,Regulatory Changes,Dow Jones,4.95,6.73,Negative,Automotive,Medium
Major oil spill sends energy stocks plummeting,Regulatory Changes,KOSPI,-3.56,119.21,Positive,Utilities,High
A massive data breach sends a tech company's stock tumbling,Trade Tariffs Announcement,KOSPI,-4.6,441.35,Negative,Real Estate,High
Gold prices surge as investors flee riskier assets,Major Merger/Acquisition,Nikkei 225,3.09,437.26,Positive,Real Estate,Low
Crude oil prices drop to a multi-year low,Market Rally,ASX 200,3.07,226.53,Neutral,Materials,Medium
Consumer Discretionary stocks outperform as spending increases,Market Rally,Hang Seng,-2.92,106.52,Positive,Finance,Medium
Geopolitical ceasefire prompts a broad market recovery,Stock Market Crash,CAC 40,-4.94,191.08,Negative,Telecommunications,Low
ASX 200 gains on strong export performance,Commodity Price Shock,IBOVESPA,2.99,458.44,Positive,Finance,High
New housing data release shows a slowdown in market activity,Major Merger/Acquisition,ASX 200,-2.06,36.55,Positive,Consumer Goods,Low
Dow Jones plunges as market fears recession,Interest Rate Change,Shanghai Composite,4.69,283.84,Positive,Pharmaceuticals,Medium
Tech Giant's New Product Launch Sparks Sector-Wide Gains,Corporate Earnings Report,Nikkei 225,-3.18,115.41,Neutral,Agriculture,Low
Gold prices surge as investors flee riskier assets,Inflation Data Release,KOSPI,-3.84,259.79,Positive,Telecommunications,High
Crude oil prices drop to a multi-year low,Government Policy Announcement,TSX,0.58,204.53,Neutral,Aerospace & Defense,High
Central bank maintains status quo on interest rates,Interest Rate Change,TSX,-3.55,2.93,Neutral,Automotive,Medium
Government subsidy program gives a lift to the agriculture sector,Government Policy Announcement,Hang Seng,-2.31,41.71,Neutral,Technology,Low
ASX 200 gains on strong export performance,Market Rally,Shanghai Composite,1.31,402.62,Neutral,Materials,Low
New housing data release shows a slowdown in market activity,Cryptocurrency Regulation,S&P/TSX Composite,-1.23,396.52,Positive,Construction,Low
Government subsidy program gives a lift to the agriculture sector,Currency Devaluation,Shanghai Composite,0.01,363.64,Negative,Agriculture,Low
Media and Entertainment companies report a surge in streaming revenue,Trade Tariffs Announcement,Nasdaq Composite,-3.91,281.33,Negative,Consumer Goods,Low
Central Bank Governor signals potential shift in policy,Government Policy Announcement,TSX,3.09,162.77,Neutral,Materials,Medium
Massive stock buyback program announced by a consumer goods company,Corporate Earnings Report,TSX,-0.38,474.6,Neutral,Agriculture,High
Retail sales report surpasses all forecasts,Government Policy Announcement,Euro Stoxx 50,-0.58,282.54,Positive,Real Estate,Low
Real Estate sector shows signs of overheating as interest rates fall,Currency Devaluation,KOSPI,4.83,158.89,Unknown,Pharmaceuticals,Medium
Central Bank's dovish tone hints at future rate cuts,Regulatory Changes,CAC 40,2.67,311.06,Positive,Media & Entertainment,Low
ASX 200 gains on strong export performance,Inflation Data Release,Russell 2000,-3.81,367.06,Positive,Finance,Low
Healthcare stocks gain on robust demand and strong outlook,Geopolitical Event,Shanghai Composite,-3.02,486.44,Positive,Utilities,Low
Consumer Discretionary stocks outperform as spending increases,Government Policy Announcement,Euro Stoxx 50,-2.34,319.95,Neutral,Real Estate,Low
Government spending bill is expected to stimulate the economy,Cryptocurrency Regulation,Dow Jones,-2.77,141.85,Negative,Automotive,High
Government spending bill is expected to stimulate the economy,Geopolitical Event,ASX 200,3.25,298.77,Neutral,Media & Entertainment,High
New IPO for a popular software firm is oversubscribed,Regulatory Changes,NSE Nifty,1.08,185.88,Neutral,Retail,High
Automotive industry faces headwinds from rising material costs,Stock Market Crash,CAC 40,-0.11499999999999999,394.47,Neutral,Healthcare,Medium
Central Bank Governor signals potential shift in policy,Unemployment Rate Announcement,NSE Nifty,3.28,66.66,Negative,Consumer Goods,High
Government subsidy program gives a lift to the agriculture sector,Central Bank Meeting,Nikkei 225,-1.32,361.35,Positive,Real Estate,High
Semiconductor shortages weigh heavily on tech sector profits,Major Merger/Acquisition,S&P/TSX Composite,4.49,306.5,Neutral,Pharmaceuticals,Medium
Merger talks between two banks fall through,Government Policy Announcement,DAX,-0.11499999999999999,19.5,Positive,Industrials,Medium
ASX 200 gains on strong export performance,Market Rally,S&P 500,4.03,194.97,Negative,Agriculture,High
Major technology firm acquires a smaller rival in a multi-billion dollar deal,Regulatory Changes,BSE Sensex,4.35,297.94,Neutral,Industrials,Low
Massive stock buyback program announced by a consumer goods company,Interest Rate Change,NSE Nifty,-1.91,88.98,Neutral,Retail,Medium
Crude oil prices drop to a multi-year low,Geopolitical Event,Euro Stoxx 50,-2.81,202.01,Positive,Pharmaceuticals,High
E-commerce earnings report beats all analyst expectations,IPO Launch,S&P 500,1.2,106.82,Positive,Automotive,Low
Manufacturing PMI data signals economic expansion,Trade Tariffs Announcement,Euro Stoxx 50,0.03,183.6,Neutral,Pharmaceuticals,Medium
Federal Reserve Chairman's speech causes market volatility,Bond Market Fluctuation,NSE Nifty,0.08,271.89,Negative,Utilities,Low
E-commerce earnings report beats all analyst expectations,Trade Tariffs Announcement,Nikkei 225,-4.79,4.52,Neutral,Automotive,Medium
Government subsidy program gives a lift to the agriculture sector,Central Bank Meeting,Russell 2000,-2.04,110.54,Neutral,Agriculture,Low
Financial sector bracing for new capital requirements,Currency Devaluation,Euro Stoxx 50,-0.88,326.13,Positive,Consumer Goods,High
Semiconductor shortages weigh heavily on tech sector profits,Government Policy Announcement,Shanghai Composite,3.3,59.3,Negative,Consumer Goods,High
Market sentiment turns positive on vaccine trial results,Commodity Price Shock,Shanghai Composite,-0.15,110.04,Negative,Energy,Medium
Crude oil prices drop to a multi-year low,Market Rally,Dow Jones,0.42,244.33,Negative,Technology,High
Market sentiment turns positive on vaccine trial results,Currency Devaluation,DAX,2.2,233.8,Negative,Automotive,High
New housing data release shows a slowdown in market activity,Stock Market Crash,Euro Stoxx 50,-1.22,344.02,Neutral,Finance,Low
Utilities sector remains stable during market fluctuations,Stock Market Crash,NSE Nifty,-2.56,389.25,Neutral,Construction,Medium
Real Estate sector shows signs of overheating as interest rates fall,Commodity Price Shock,TSX,0.62,462.05,Negative,Telecommunications,Medium
Central bank maintains status quo on interest rates,Bond Market Fluctuation,Hang Seng,0.25,467.27,Neutral,Real Estate,High
New IPO for a popular software firm is oversubscribed,Market Rally,NSE Nifty,-1.98,454.31,Negative,Automotive,Medium
Government spending bill is expected to stimulate the economy,Regulatory Changes,ASX 200,1.67,213.42,Neutral,Materials,High
Media and Entertainment companies report a surge in streaming revenue,Unemployment Rate Announcement,S&P 500,-4.26,424.94,Neutral,Retail,Low
Major technology firm acquires a smaller rival in a multi-billion dollar deal,Trade Tariffs Announcement,DAX,-0.36,147.58,Neutral,Media & Entertainment,Low
Merger talks between two banks fall through,Unemployment Rate Announcement,Euro Stoxx 50,-4.82,309.6,Positive,Media & Entertainment,High
Dow Jones plunges as market fears recession,IPO Launch,KOSPI,-0.04,58.16,Neutral,Transportation,Low
Utilities sector remains stable during market fluctuations,Stock Market Crash,NSE Nifty,-0.29,207.53,Neutral,Automotive,High
Market braces for a major policy announcement from the EU,Regulatory Changes,BSE Sensex,0.54,260.41,Neutral,Finance,High
Geopolitical ceasefire prompts a broad market recovery,Geopolitical Event,Shanghai Composite,-3.91,173.78,Positive,Automotive,High
Consumer confidence index reaches a decade high,Corporate Earnings Report,S&P/TSX Composite,2.02,440.1,Positive,Pharmaceuticals,Low
Nikkei 225 index benefits from a weaker yen,Interest Rate Change,TSX,-2.9,498.54,Negative,Pharmaceuticals,Medium
Retail sales report surpasses all forecasts,Inflation Data Release,TSX,4.29,493.81,Negative,Transportation,Low
Geopolitical ceasefire prompts a broad market recovery,IPO Launch,Nikkei 225,-1.56,170.85,Positive,Healthcare,High
China's Shanghai Composite falls after new trade restrictions,Government Policy Announcement,Shanghai Composite,2.43,125.05,Positive,Automotive,Low
UK's FTSE 100 sees a boost from favorable trade data,Geopolitical Event,Russell 2000,0.68,140.71,Negative,Transportation,Medium
Energy company's dividend hike excites shareholders,Bond Market Fluctuation,CAC 40,-2.89,92.67,Negative,Pharmaceuticals,Low
Banking stocks dip after a major scandal is revealed,Market Rally,Euro Stoxx 50,-1.13,275.88,Positive,Pharmaceuticals,High
A massive data breach sends a tech company's stock tumbling,Commodity Price Shock,Hang Seng,0.52,107.34,Negative,Healthcare,Low
Utilities sector remains stable during market fluctuations,Trade Tariffs Announcement,NSE Nifty,-0.23,56.9,Positive,Finance,Medium
Central Bank's dovish tone hints at future rate cuts,Unemployment Rate Announcement,TSX,-4.15,145.65,Negative,Real Estate,Medium
Nikkei 225 index benefits from a weaker yen,Major Merger/Acquisition,FTSE 100,0.66,457.49,Negative,Energy,Low
Automotive industry faces headwinds from rising material costs,Cryptocurrency Regulation,NSE Nifty,-0.36,17.18,Neutral,Pharmaceuticals,Medium
Tech Giant's New Product Launch Sparks Sector-Wide Gains,Economic Data Release,ASX 200,3.42,377.3,Neutral,Finance,Medium
Real Estate sector shows signs of overheating as interest rates fall,Currency Devaluation,NSE Nifty,-3.48,98.93,Neutral,Industrials,Medium
Financial sector bracing for new capital requirements,Market Rally,NSE Nifty,-0.37,364.94,Positive,Transportation,Low
Dow Jones plunges as market fears recession,Consumer Confidence Report,S&P 500,0.12,380.68,Negative,Media & Entertainment,Medium
Manufacturing PMI data signals economic expansion,Unemployment Rate Announcement,Shanghai Composite,3.25,87.09,Negative,Telecommunications,Low
Major oil spill sends energy stocks plummeting,Cryptocurrency Regulation,FTSE 100,3.02,41.56,Positive,Agriculture,Medium
Healthcare stocks gain on robust demand and strong outlook,Geopolitical Event,FTSE 100,-4.3,414.38,Neutral,Utilities,High
Manufacturing PMI data signals economic expansion,Bond Market Fluctuation,Euro Stoxx 50,4.06,88.22,Neutral,Construction,High
Merger talks between two banks fall through,Government Policy Announcement,Russell 2000,-0.37,308.57,Negative,Technology,Medium
Federal Reserve Chairman's speech causes market volatility,Supply Chain Disruption,ASX 200,-0.66,426.34,Negative,Media & Entertainment,Low
Semiconductor shortages weigh heavily on tech sector profits,Cryptocurrency Regulation,TSX,-4.68,466.3,Positive,Aerospace & Defense,High
Geopolitical ceasefire prompts a broad market recovery,Government Policy Announcement,S&P 500,-0.29,108.83,Positive,Healthcare,High
Consumer confidence index reaches a decade high,Regulatory Changes,KOSPI,4.55,158.8,Positive,Energy,Low
Geopolitical ceasefire prompts a broad market recovery,Corporate Earnings Report,TSX,2.27,15.3,Negative,Energy,Medium
Semiconductor shortages weigh heavily on tech sector profits,Bond Market Fluctuation,S&P 500,-1.39,372.88,Negative,Transportation,Low
Media and Entertainment companies report a surge in streaming revenue,Stock Market Crash,Euro Stoxx 50,3.99,411.89,Negative,Transportation,Low
Tech Giant's New Product Launch Sparks Sector-Wide Gains,Government Policy Announcement,IBOVESPA,4.69,80.84,Positive,Transportation,Low
New housing data release shows a slowdown in market activity,Corporate Earnings Report,Nikkei 225,-4.06,404.42,Negative,Energy,Medium
Market sentiment turns positive on vaccine trial results,Cryptocurrency Regulation,Euro Stoxx 50,2.07,24.32,Neutral,Aerospace & Defense,Low
Mining company stock surges on commodity price boom,Geopolitical Event,FTSE 100,-0.47,149.3,Positive,Materials,Low
Central Bank Governor signals potential shift in policy,Inflation Data Release,Russell 2000,4.54,135.74,Neutral,Construction,Low
UK's FTSE 100 sees a boost from favorable trade data,Consumer Confidence Report,IBOVESPA,-4.11,456.94,Positive,Industrials,Low
A massive data breach sends a tech company's stock tumbling,Major Merger/Acquisition,TSX,-0.05,481.3,Positive,Construction,Low
Consumer confidence index reaches a decade high,Unemployment Rate Announcement,Russell 2000,-2.99,209.45,Positive,Agriculture,Low
Real Estate sector shows signs of overheating as interest rates fall,Cryptocurrency Regulation,Hang Seng,2.31,439.95,Positive,Telecommunications,High
Government spending bill is expected to stimulate the economy,Currency Devaluation,CAC 40,-1.57,388.56,Neutral,Retail,Low
Pharmaceutical company's drug approval drives stock upward,Commodity Price Shock,CAC 40,3.79,2.28,Negative,Pharmaceuticals,Medium
Energy company's dividend hike excites shareholders,Geopolitical Event,Shanghai Composite,2.42,109.73,Neutral,Construction,Medium
Bond yields tumble as investors seek safe havens,Economic Data Release,Shanghai Composite,-0.3,391.52,Neutral,Industrials,High
Healthcare stocks gain on robust demand and strong outlook,Regulatory Changes,Shanghai Composite,2.79,245.87,Positive,Transportation,High
Aerospace and Defense sector sees rally amid geopolitical tensions,Inflation Data Release,BSE Sensex,3.17,184.63,Neutral,Pharmaceuticals,Low
Gold prices surge as investors flee riskier assets,Geopolitical Event,IBOVESPA,-0.59,314.76,Negative,Utilities,High
New housing data release shows a slowdown in market activity,Commodity Price Shock,NSE Nifty,5.0,487.76,Negative,Healthcare,Medium
Central Bank Governor signals potential shift in policy,Currency Devaluation,Dow Jones,-2.81,3.11,Neutral,Construction,Low
Media and Entertainment companies report a surge in streaming revenue,Market Rally,FTSE 100,1.84,449.25,Negative,Retail,High
Retail sales report surpasses all forecasts,Economic Data Release,Nasdaq Composite,-2.21,298.2,Negative,Transportation,Low
Banking stocks dip after a major scandal is revealed,Corporate Earnings Report,KOSPI,2.8,175.81,Negative,Healthcare,Medium
Dow Jones plunges as market fears recession,Regulatory Changes,ASX 200,1.93,481.56,Neutral,Consumer Goods,Low
Nikkei 225 index benefits from a weaker yen,Central Bank Meeting,Dow Jones,3.46,413.73,Neutral,Aerospace & Defense,Low
New housing data release shows a slowdown in market activity,Bond Market Fluctuation,DAX,4.63,80.71,Negative,Finance,Medium
Quarterly report shows surprising losses for retail giants,Bond Market Fluctuation,Nasdaq Composite,-4.89,240.08,Positive,Telecommunications,High
Real Estate sector shows signs of overheating as interest rates fall,Bond Market Fluctuation,Euro Stoxx 50,-2.12,303.82,Neutral,Agriculture,High
Central Bank Governor signals potential shift in policy,Central Bank Meeting,BSE Sensex,2.23,193.0,Negative,Industrials,High
Automotive industry faces headwinds from rising material costs,Bond Market Fluctuation,S&P 500,4.2,334.44,Positive,Agriculture,High
Government policy shift boosts renewable energy sector,Market Rally,TSX,0.43,230.81,Neutral,Automotive,Medium
Mining company stock surges on commodity price boom,Cryptocurrency Regulation,Nikkei 225,-3.56,495.79,Negative,Consumer Goods,Medium
Record-high inflation data rattles investors,Commodity Price Shock,FTSE 100,4.5,40.84,Negative,Construction,Low
Massive stock buyback program announced by a consumer goods company,Unemployment Rate Announcement,S&P/TSX Composite,-3.6,158.36,Negative,Pharmaceuticals,Medium
Pharmaceutical company's drug approval drives stock upward,Stock Market Crash,BSE Sensex,-3.41,427.46,Negative,Pharmaceuticals,Low
Pharmaceutical company's drug approval drives stock upward,Central Bank Meeting,BSE Sensex,-4.67,81.97,Positive,Construction,Medium
Government policy shift boosts renewable energy sector,Corporate Earnings Report,CAC 40,2.68,409.52,Negative,Pharmaceuticals,Low
Healthcare stocks gain on robust demand and strong outlook,Trade Tariffs Announcement,Hang Seng,-3.47,63.38,Positive,Retail,Medium
Consumer Discretionary stocks outperform as spending increases,Inflation Data Release,Russell 2000,-3.72,374.28,Positive,Utilities,Medium
Financial services stocks rally on strong profit margins,Government Policy Announcement,BSE Sensex,-1.93,137.35,Neutral,Healthcare,Medium
UK's FTSE 100 sees a boost from favorable trade data,Market Rally,FTSE 100,-0.11499999999999999,306.52,Neutral,Utilities,High
Government spending bill is expected to stimulate the economy,Government Policy Announcement,S&P/TSX Composite,0.91,353.92,Negative,Aerospace & Defense,High
Market sentiment turns positive on vaccine trial results,Interest Rate Change,BSE Sensex,2.05,116.1,Positive,Aerospace & Defense,Low
Dow Jones plunges as market fears recession,Commodity Price Shock,TSX,2.08,56.24,Positive,Transportation,High
Record-high inflation data rattles investors,Corporate Earnings Report,KOSPI,0.14,198.32,Positive,Energy,High
Federal Reserve Chairman's speech causes market volatility,Currency Devaluation,CAC 40,2.1,214.39,Neutral,Energy,Low
Government policy shift boosts renewable energy sector,Currency Devaluation,Euro Stoxx 50,-0.9,233.02,Neutral,Energy,Low
Crude oil prices drop to a multi-year low,Commodity Price Shock,Russell 2000,1.42,120.33,Neutral,Energy,High
E-commerce earnings report beats all analyst expectations,Commodity Price Shock,Euro Stoxx 50,-3.19,112.77,Positive,Energy,High
Financial sector bracing for new capital requirements,Consumer Confidence Report,BSE Sensex,4.08,493.35,Neutral,Industrials,High
Major technology firm acquires a smaller rival in a multi-billion dollar deal,IPO Launch,BSE Sensex,-2.29,53.68,Neutral,Pharmaceuticals,Low
Bond yields tumble as investors seek safe havens,Bond Market Fluctuation,Russell 2000,-0.11499999999999999,10.3,Neutral,Consumer Goods,Low
Major oil spill sends energy stocks plummeting,Government Policy Announcement,S&P/TSX Composite,3.55,152.03,Negative,Consumer Goods,Low
Merger talks between two banks fall through,Supply Chain Disruption,FTSE 100,-1.52,214.09,Negative,Materials,High
Gold prices surge as investors flee riskier assets,Consumer Confidence Report,KOSPI,3.21,457.02,Negative,Automotive,Medium
Major technology firm acquires a smaller rival in a multi-billion dollar deal,Interest Rate Change,CAC 40,0.42,72.24,Negative,Construction,Low
Crude oil prices drop to a multi-year low,Regulatory Changes,Hang Seng,-1.1,199.99,Positive,Energy,High
Retail sales report surpasses all forecasts,Supply Chain Disruption,S&P 500,1.01,330.14,Positive,Industrials,High
Consumer confidence index reaches a decade high,Corporate Earnings Report,NSE Nifty,2.63,330.12,Positive,Media & Entertainment,Medium
Major technology firm acquires a smaller rival in a multi-billion dollar deal,Government Policy Announcement,S&P/TSX Composite,-3.37,246.87,Neutral,Automotive,Low
New regulations on cryptocurrencies cause a market dip,Inflation Data Release,S&P 500,-4.54,58.89,Positive,Technology,High
Geopolitical ceasefire prompts a broad market recovery,Interest Rate Change,NSE Nifty,-0.52,25.93,Positive,Media & Entertainment,Low
Automotive industry faces headwinds from rising material costs,Cryptocurrency Regulation,Shanghai Composite,-1.98,441.85,Neutral,Utilities,Medium
New housing data release shows a slowdown in market activity,Central Bank Meeting,Dow Jones,4.27,154.9,Neutral,Retail,Low
Market braces for a major policy announcement from the EU,Commodity Price Shock,IBOVESPA,-0.11499999999999999,122.02,Neutral,Aerospace & Defense,Low
New IPO for a popular software firm is oversubscribed,Consumer Confidence Report,ASX 200,-3.72,223.4,Neutral,Media & Entertainment,Medium
Central Bank's dovish tone hints at future rate cuts,Geopolitical Event,KOSPI,-0.6,23.89,Positive,Construction,Low
E-commerce earnings report beats all analyst expectations,Consumer Confidence Report,Russell 2000,-0.11499999999999999,455.17,Negative,Automotive,Medium
Energy company's dividend hike excites shareholders,Interest Rate Change,S&P 500,0.21,475.25,Negative,Transportation,High
Nikkei 225 index benefits from a weaker yen,Unemployment Rate Announcement,Hang Seng,-0.9,483.78,Negative,Retail,Medium
Merger talks between two banks fall through,Market Rally,FTSE 100,1.87,443.38,Negative,Aerospace & Defense,Medium
A massive data breach sends a tech company's stock tumbling,IPO Launch,TSX,-2.35,450.69,Positive,Finance,High
Nikkei 225 index benefits from a weaker yen,Supply Chain Disruption,Russell 2000,3.88,297.22,Neutral,Real Estate,High
Central Bank's dovish tone hints at future rate cuts,Regulatory Changes,Russell 2000,-0.11499999999999999,90.98,Positive,Media & Entertainment,Low
Mining company stock surges on commodity price boom,Stock Market Crash,Hang Seng,-4.1,389.41,Positive,Technology,High
Federal Reserve Chairman's speech causes market volatility,Economic Data Release,ASX 200,-3.01,386.98,Positive,Energy,Low
E-commerce earnings report beats all analyst expectations,Major Merger/Acquisition,TSX,0.18,257.73,Positive,Real Estate,Low
Central bank maintains status quo on interest rates,IPO Launch,Dow Jones,-4.43,391.82,Positive,Automotive,High
Automotive industry faces headwinds from rising material costs,Supply Chain Disruption,Russell 2000,-1.95,233.25,Neutral,Agriculture,High
Tech Giant's New Product Launch Sparks Sector-Wide Gains,Currency Devaluation,IBOVESPA,4.28,159.69,Unknown,Automotive,High
Government spending bill is expected to stimulate the economy,Trade Tariffs Announcement,Hang Seng,-3.65,262.0,Neutral,Consumer Goods,Medium
Supply chain issues impact manufacturing sector earnings,Consumer Confidence Report,NSE Nifty,1.11,362.6,Positive,Aerospace & Defense,Medium
Consumer confidence index reaches a decade high,Unemployment Rate Announcement,IBOVESPA,-2.51,498.49,Positive,Technology,Low
Massive stock buyback program announced by a consumer goods company,Unemployment Rate Announcement,CAC 40,-4.49,229.61,Negative,Retail,Low
Tech Giant's New Product Launch Sparks Sector-Wide Gains,Stock Market Crash,KOSPI,-3.86,50.82,Positive,Transportation,Low
Pharmaceutical company's drug approval drives stock upward,Consumer Confidence Report,NSE Nifty,3.64,461.29,Positive,Transportation,High
Semiconductor shortages weigh heavily on tech sector profits,Market Rally,Nasdaq Composite,4.27,79.41,Neutral,Technology,Low
Central bank maintains status quo on interest rates,Bond Market Fluctuation,CAC 40,2.53,380.83,Positive,Media & Entertainment,Low
UK's FTSE 100 sees a boost from favorable trade data,Unemployment Rate Announcement,Nikkei 225,-0.11499999999999999,64.8,Positive,Energy,Medium
New IPO for a popular software firm is oversubscribed,Government Policy Announcement,Nikkei 225,-1.03,36.0,Neutral,Construction,Medium
Banking stocks dip after a major scandal is revealed,Interest Rate Change,ASX 200,3.25,498.04,Neutral,Technology,Low
Energy company's dividend hike excites shareholders,Regulatory Changes,BSE Sensex,2.2,340.8,Neutral,Industrials,High
Automotive industry faces headwinds from rising material costs,Bond Market Fluctuation,Nasdaq Composite,-1.69,326.88,Positive,Industrials,Medium
Utilities sector remains stable during market fluctuations,Consumer Confidence Report,Shanghai Composite,0.68,430.97,Positive,Healthcare,Low
New IPO for a popular software firm is oversubscribed,Corporate Earnings Report,NSE Nifty,-3.46,366.99,Positive,Technology,High
ASX 200 gains on strong export performance,Economic Data Release,TSX,4.86,371.56,Positive,Telecommunications,Medium
Financial services stocks rally on strong profit margins,Cryptocurrency Regulation,Dow Jones,1.52,336.72,Negative,Automotive,High
Pharmaceutical company's drug approval drives stock upward,Bond Market Fluctuation,Russell 2000,-1.61,499.83,Positive,Agriculture,Low
ASX 200 gains on strong export performance,IPO Launch,S&P 500,-1.79,72.34,Positive,Materials,Medium
Healthcare stocks gain on robust demand and strong outlook,Currency Devaluation,FTSE 100,0.57,125.89,Neutral,Automotive,Medium
Aerospace and Defense sector sees rally amid geopolitical tensions,Supply Chain Disruption,FTSE 100,-3.34,6.65,Positive,Utilities,High
Major technology firm acquires a smaller rival in a multi-billion dollar deal,Market Rally,Shanghai Composite,3.59,91.6,Positive,Technology,Low
Automotive industry faces headwinds from rising material costs,Geopolitical Event,S&P/TSX Composite,-1.27,498.09,Positive,Consumer Goods,Medium
Central Bank Governor signals potential shift in policy,Trade Tariffs Announcement,Dow Jones,0.22,282.99,Positive,Pharmaceuticals,Low
Semiconductor shortages weigh heavily on tech sector profits,Stock Market Crash,DAX,-1.08,192.53,Neutral,Automotive,High
Pharmaceutical company's drug approval drives stock upward,Market Rally,BSE Sensex,-1.71,283.0,Unknown,Industrials,Medium
Retail sales report surpasses all forecasts,Central Bank Meeting,Nikkei 225,-0.11499999999999999,370.54,Neutral,Technology,Low
Supply chain issues impact manufacturing sector earnings,Economic Data Release,Dow Jones,-0.84,238.48,Positive,Aerospace & Defense,Low
Supply chain issues impact manufacturing sector earnings,Interest Rate Change,S&P/TSX Composite,0.8,181.2,Positive,Transportation,Low
Tech Giant's New Product Launch Sparks Sector-Wide Gains,Market Rally,TSX,2.83,71.91,Negative,Consumer Goods,Medium
Quarterly report shows surprising losses for retail giants,Cryptocurrency Regulation,KOSPI,3.32,56.16,Neutral,Energy,Low
Consumer Discretionary stocks outperform as spending increases,Market Rally,NSE Nifty,-1.77,483.49,Positive,Agriculture,Low
Consumer confidence index reaches a decade high,Major Merger/Acquisition,Hang Seng,-0.11499999999999999,118.12,Positive,Construction,Medium
Banking stocks dip after a major scandal is revealed,Inflation Data Release,FTSE 100,-2.43,417.9,Negative,Consumer Goods,Low
Energy company's dividend hike excites shareholders,Supply Chain Disruption,Hang Seng,-3.32,330.4,Neutral,Finance,Low
Consumer Discretionary stocks outperform as spending increases,IPO Launch,NSE Nifty,1.89,309.78,Positive,Healthcare,Low
Market braces for a major policy announcement from the EU,Currency Devaluation,IBOVESPA,-0.25,118.85,Negative,Healthcare,High
Geopolitical ceasefire prompts a broad market recovery,Supply Chain Disruption,Russell 2000,2.24,147.06,Neutral,Aerospace & Defense,Low
Pharmaceutical company's drug approval drives stock upward,Currency Devaluation,TSX,-2.29,385.77,Positive,Technology,High
Government policy shift boosts renewable energy sector,Trade Tariffs Announcement,Russell 2000,2.25,43.3,Unknown,Utilities,Medium
Market sentiment turns positive on vaccine trial results,Interest Rate Change,TSX,2.87,137.57,Neutral,Healthcare,High
Pharmaceutical company's drug approval drives stock upward,Commodity Price Shock,Nasdaq Composite,1.99,229.26,Negative,Healthcare,High
Market braces for a major policy announcement from the EU,IPO Launch,Russell 2000,-3.32,487.63,Positive,Aerospace & Defense,Medium
Consumer confidence index reaches a decade high,Inflation Data Release,BSE Sensex,4.61,13.15,Positive,Materials,Low
E-commerce earnings report beats all analyst expectations,Central Bank Meeting,IBOVESPA,2.64,429.85,Unknown,Aerospace & Defense,Medium
Unexpected rise in unemployment fuels market pessimism,Government Policy Announcement,Dow Jones,1.67,461.11,Neutral,Transportation,Medium
Gold prices surge as investors flee riskier assets,IPO Launch,Nasdaq Composite,3.99,102.78,Negative,Industrials,Low
A massive data breach sends a tech company's stock tumbling,Major Merger/Acquisition,CAC 40,-1.46,175.91,Neutral,Media & Entertainment,Medium
"Global trade talks collapse, causing market turmoil",Corporate Earnings Report,KOSPI,-2.72,100.37,Positive,Construction,Low
ASX 200 gains on strong export performance,IPO Launch,S&P 500,-3.88,261.4,Negative,Industrials,High
Central bank maintains status quo on interest rates,Unemployment Rate Announcement,FTSE 100,1.18,105.97,Negative,Automotive,Medium
Major oil spill sends energy stocks plummeting,Cryptocurrency Regulation,CAC 40,-0.46,226.16,Neutral,Transportation,High
Media and Entertainment companies report a surge in streaming revenue,Bond Market Fluctuation,DAX,3.56,212.63,Positive,Transportation,Low
Real Estate sector shows signs of overheating as interest rates fall,Cryptocurrency Regulation,Shanghai Composite,2.82,164.3,Positive,Aerospace & Defense,Low
New regulations on cryptocurrencies cause a market dip,Regulatory Changes,Russell 2000,-3.18,178.37,Negative,Transportation,High
Financial sector bracing for new capital requirements,Cryptocurrency Regulation,Hang Seng,-0.36,236.47,Neutral,Finance,High
Semiconductor shortages weigh heavily on tech sector profits,Economic Data Release,DAX,1.3,117.15,Negative,Consumer Goods,Medium
Energy company's dividend hike excites shareholders,IPO Launch,Nikkei 225,-2.16,389.81,Neutral,Consumer Goods,High
Nikkei 225 index benefits from a weaker yen,Government Policy Announcement,NSE Nifty,-0.11499999999999999,64.72,Neutral,Finance,High
Retail sales report surpasses all forecasts,Major Merger/Acquisition,Nikkei 225,-2.04,399.29,Negative,Real Estate,Low
New regulations on cryptocurrencies cause a market dip,Currency Devaluation,Shanghai Composite,4.3,215.59,Negative,Agriculture,Low
Dow Jones plunges as market fears recession,Regulatory Changes,NSE Nifty,2.08,97.52,Neutral,Technology,Medium
Manufacturing PMI data signals economic expansion,IPO Launch,Hang Seng,-4.59,476.31,Neutral,Construction,High
Consumer Discretionary stocks outperform as spending increases,Interest Rate Change,TSX,-4.35,440.24,Positive,Agriculture,Medium
Banking stocks dip after a major scandal is revealed,Inflation Data Release,Nikkei 225,1.14,360.16,Negative,Finance,High
Geopolitical ceasefire prompts a broad market recovery,Regulatory Changes,Euro Stoxx 50,-3.96,174.07,Positive,Agriculture,Medium
Central Bank Governor signals potential shift in policy,Interest Rate Change,IBOVESPA,1.46,317.87,Positive,Industrials,Medium
Crude oil prices drop to a multi-year low,Market Rally,IBOVESPA,2.77,440.55,Negative,Pharmaceuticals,Medium
Aerospace and Defense sector sees rally amid geopolitical tensions,Corporate Earnings Report,IBOVESPA,-3.1,215.81,Negative,Real Estate,High
New housing data release shows a slowdown in market activity,Trade Tariffs Announcement,TSX,3.68,308.46,Neutral,Pharmaceuticals,High
China's Shanghai Composite falls after new trade restrictions,Geopolitical Event,DAX,-4.48,270.63,Neutral,Utilities,High
Crude oil prices drop to a multi-year low,Corporate Earnings Report,BSE Sensex,-0.49,228.69,Positive,Technology,Medium
Utilities sector remains stable during market fluctuations,Consumer Confidence Report,CAC 40,1.96,390.56,Negative,Transportation,Medium
Government subsidy program gives a lift to the agriculture sector,Corporate Earnings Report,DAX,0.29,210.55,Neutral,Energy,Low
Government subsidy program gives a lift to the agriculture sector,Geopolitical Event,TSX,-3.34,27.93,Positive,Real Estate,High
Dow Jones plunges as market fears recession,Interest Rate Change,BSE Sensex,3.72,179.62,Neutral,Aerospace & Defense,High
Nikkei 225 index benefits from a weaker yen,Bond Market Fluctuation,S&P 500,-0.11499999999999999,261.01,Positive,Pharmaceuticals,Medium
ASX 200 gains on strong export performance,Inflation Data Release,S&P 500,2.65,3.62,Negative,Energy,Low
Government policy shift boosts renewable energy sector,Government Policy Announcement,Euro Stoxx 50,-2.01,204.61,Negative,Automotive,Medium
ASX 200 gains on strong export performance,IPO Launch,Russell 2000,-1.17,304.8,Positive,Agriculture,Medium
Unexpected rise in unemployment fuels market pessimism,Government Policy Announcement,Russell 2000,0.41,443.86,Positive,Automotive,High
Healthcare stocks gain on robust demand and strong outlook,Major Merger/Acquisition,FTSE 100,0.34,117.82,Negative,Utilities,Low
Utilities sector remains stable during market fluctuations,Market Rally,Russell 2000,-4.35,330.15,Neutral,Technology,Medium
Merger talks between two banks fall through,Currency Devaluation,Hang Seng,3.64,398.59,Positive,Industrials,High
Consumer Discretionary stocks outperform as spending increases,Geopolitical Event,Nikkei 225,-3.35,18.11,Positive,Energy,High
Geopolitical ceasefire prompts a broad market recovery,Cryptocurrency Regulation,FTSE 100,0.92,94.44,Positive,Materials,High
Tech Giant's New Product Launch Sparks Sector-Wide Gains,Inflation Data Release,IBOVESPA,0.17,362.71,Negative,Finance,High
Real Estate sector shows signs of overheating as interest rates fall,Economic Data Release,Euro Stoxx 50,0.02,343.83,Positive,Pharmaceuticals,Low
Major oil spill sends energy stocks plummeting,Regulatory Changes,Nikkei 225,-2.26,492.91,Positive,Utilities,Low
Major oil spill sends energy stocks plummeting,Supply Chain Disruption,Russell 2000,-3.38,84.29,Negative,Construction,High
Massive stock buyback program announced by a consumer goods company,Corporate Earnings Report,S&P/TSX Composite,1.58,488.9,Positive,Automotive,Low
E-commerce earnings report beats all analyst expectations,Cryptocurrency Regulation,Euro Stoxx 50,-4.57,450.22,Positive,Healthcare,Low
Central Bank's dovish tone hints at future rate cuts,Government Policy Announcement,ASX 200,-3.45,405.97,Negative,Retail,Low
Media and Entertainment companies report a surge in streaming revenue,Stock Market Crash,FTSE 100,2.97,346.02,Neutral,Consumer Goods,Medium
Market braces for a major policy announcement from the EU,Supply Chain Disruption,BSE Sensex,-3.75,268.84,Positive,Automotive,Medium
Mining company stock surges on commodity price boom,Market Rally,DAX,4.74,330.29,Neutral,Energy,High
Gold prices surge as investors flee riskier assets,Regulatory Changes,TSX,0.44,218.99,Negative,Consumer Goods,High
Central bank maintains status quo on interest rates,Commodity Price Shock,S&P 500,4.92,63.86,Negative,Media & Entertainment,High
Central Bank's dovish tone hints at future rate cuts,Regulatory Changes,S&P 500,-4.4,215.96,Positive,Materials,High
Manufacturing PMI data signals economic expansion,Regulatory Changes,Hang Seng,-0.55,56.06,Positive,Consumer Goods,High
Tech Giant's New Product Launch Sparks Sector-Wide Gains,IPO Launch,Shanghai Composite,3.46,448.68,Neutral,Healthcare,Low
China's Shanghai Composite falls after new trade restrictions,Stock Market Crash,DAX,1.78,54.73,Positive,Telecommunications,High
Retail sales report surpasses all forecasts,Bond Market Fluctuation,Shanghai Composite,2.93,304.01,Negative,Real Estate,Low
ASX 200 gains on strong export performance,Interest Rate Change,KOSPI,-2.07,160.08,Negative,Automotive,Low
Central Bank's dovish tone hints at future rate cuts,Central Bank Meeting,IBOVESPA,-4.09,190.45,Neutral,Telecommunications,Medium
Financial services stocks rally on strong profit margins,Market Rally,ASX 200,-3.59,398.17,Negative,Construction,High
China's Shanghai Composite falls after new trade restrictions,Cryptocurrency Regulation,ASX 200,1.06,381.0,Negative,Technology,High
Unexpected rise in unemployment fuels market pessimism,Central Bank Meeting,ASX 200,-3.06,302.58,Neutral,Retail,High
Federal Reserve Chairman's speech causes market volatility,Major Merger/Acquisition,Nikkei 225,1.51,403.06,Neutral,Real Estate,Low
New IPO for a popular software firm is oversubscribed,Cryptocurrency Regulation,Russell 2000,4.3,371.42,Neutral,Industrials,Low
Mining company stock surges on commodity price boom,Central Bank Meeting,Dow Jones,4.82,495.52,Neutral,Finance,High
ASX 200 gains on strong export performance,Interest Rate Change,Nasdaq Composite,-2.35,152.65,Negative,Telecommunications,Low
New regulations on cryptocurrencies cause a market dip,Commodity Price Shock,Dow Jones,-3.56,267.6,Positive,Transportation,Medium
Manufacturing PMI data signals economic expansion,Major Merger/Acquisition,DAX,1.56,321.21,Neutral,Utilities,High
China's Shanghai Composite falls after new trade restrictions,Consumer Confidence Report,Russell 2000,-0.09,237.51,Negative,Healthcare,Low
Financial services stocks rally on strong profit margins,Bond Market Fluctuation,Euro Stoxx 50,-1.35,488.35,Negative,Pharmaceuticals,Medium
Aerospace and Defense sector sees rally amid geopolitical tensions,Corporate Earnings Report,Dow Jones,-0.11499999999999999,118.87,Neutral,Real Estate,Medium
Crude oil prices drop to a multi-year low,Market Rally,TSX,2.89,245.11,Positive,Telecommunications,Low
Semiconductor shortages weigh heavily on tech sector profits,Corporate Earnings Report,KOSPI,-2.27,192.76,Neutral,Media & Entertainment,Medium
Mining company stock surges on commodity price boom,Corporate Earnings Report,NSE Nifty,-3.35,447.85,Unknown,Industrials,Low
Consumer confidence index reaches a decade high,Inflation Data Release,Nikkei 225,-0.35,442.46,Positive,Aerospace & Defense,High
Financial services stocks rally on strong profit margins,Commodity Price Shock,DAX,1.02,74.49,Positive,Materials,High
Central bank maintains status quo on interest rates,Bond Market Fluctuation,Nasdaq Composite,0.3,168.72,Positive,Healthcare,Low
Consumer Discretionary stocks outperform as spending increases,Consumer Confidence Report,IBOVESPA,2.16,271.68,Positive,Finance,High
Crude oil prices drop to a multi-year low,Bond Market Fluctuation,ASX 200,2.19,155.3,Negative,Utilities,Medium
Merger talks between two banks fall through,Inflation Data Release,CAC 40,0.64,418.24,Negative,Technology,High
Bond yields tumble as investors seek safe havens,Major Merger/Acquisition,NSE Nifty,4.96,492.36,Negative,Construction,High
Geopolitical ceasefire prompts a broad market recovery,Government Policy Announcement,Nasdaq Composite,-3.98,415.27,Neutral,Agriculture,Low
Central Bank's dovish tone hints at future rate cuts,Interest Rate Change,Dow Jones,0.43,417.0,Neutral,Finance,Low
ASX 200 gains on strong export performance,Supply Chain Disruption,Euro Stoxx 50,2.08,58.11,Negative,Industrials,High
Financial sector bracing for new capital requirements,Supply Chain Disruption,Nasdaq Composite,4.15,316.4,Negative,Agriculture,High
Central bank maintains status quo on interest rates,Major Merger/Acquisition,Shanghai Composite,-3.18,97.93,Positive,Consumer Goods,Medium
Market braces for a major policy announcement from the EU,Major Merger/Acquisition,IBOVESPA,-0.76,184.65,Positive,Retail,Low
Government subsidy program gives a lift to the agriculture sector,Interest Rate Change,ASX 200,-1.81,273.01,Positive,Media & Entertainment,High
Utilities sector remains stable during market fluctuations,Trade Tariffs Announcement,IBOVESPA,0.73,57.54,Positive,Telecommunications,High
ASX 200 gains on strong export performance,Bond Market Fluctuation,CAC 40,2.63,90.87,Positive,Telecommunications,Medium
Aerospace and Defense sector sees rally amid geopolitical tensions,Consumer Confidence Report,KOSPI,4.92,219.26,Neutral,Pharmaceuticals,Medium
Retail sales report surpasses all forecasts,Trade Tariffs Announcement,Nasdaq Composite,-4.16,154.93,Negative,Finance,Low
Consumer Discretionary stocks outperform as spending increases,Stock Market Crash,Euro Stoxx 50,-2.89,81.28,Neutral,Energy,High
"Global trade talks collapse, causing market turmoil",Supply Chain Disruption,KOSPI,-1.71,204.81,Negative,Pharmaceuticals,Low
Bond yields tumble as investors seek safe havens,Currency Devaluation,TSX,0.71,22.23,Negative,Finance,High
Government spending bill is expected to stimulate the economy,Inflation Data Release,CAC 40,4.13,79.38,Neutral,Healthcare,High
Government spending bill is expected to stimulate the economy,Central Bank Meeting,DAX,2.54,439.9,Neutral,Utilities,High
Unexpected rise in unemployment fuels market pessimism,Central Bank Meeting,IBOVESPA,0.24,424.14,Neutral,Telecommunications,Low
Mining company stock surges on commodity price boom,Supply Chain Disruption,CAC 40,-0.51,109.72,Positive,Telecommunications,High
Dow Jones plunges as market fears recession,Commodity Price Shock,BSE Sensex,0.41,234.71,Negative,Energy,Medium
Energy company's dividend hike excites shareholders,IPO Launch,Euro Stoxx 50,-3.04,30.32,Neutral,Technology,Medium
Pharmaceutical company's drug approval drives stock upward,Market Rally,IBOVESPA,3.15,346.23,Negative,Media & Entertainment,Medium
Financial sector bracing for new capital requirements,Consumer Confidence Report,ASX 200,3.63,445.61,Negative,Healthcare,High
Utilities sector remains stable during market fluctuations,Consumer Confidence Report,Hang Seng,3.47,368.29,Positive,Automotive,Low
Central Bank Governor signals potential shift in policy,Inflation Data Release,S&P/TSX Composite,-4.58,185.11,Unknown,Automotive,Low
China's Shanghai Composite falls after new trade restrictions,Inflation Data Release,Euro Stoxx 50,-1.02,90.98,Neutral,Finance,Low
Supply chain issues impact manufacturing sector earnings,Bond Market Fluctuation,S&P 500,3.51,195.65,Negative,Finance,High
China's Shanghai Composite falls after new trade restrictions,Currency Devaluation,ASX 200,-0.84,395.67,Negative,Telecommunications,Medium
Government subsidy program gives a lift to the agriculture sector,Stock Market Crash,KOSPI,3.92,81.61,Positive,Materials,Medium
Automotive industry faces headwinds from rising material costs,Government Policy Announcement,Hang Seng,-3.84,341.41,Unknown,Energy,High
Dow Jones plunges as market fears recession,Government Policy Announcement,ASX 200,2.45,26.32,Neutral,Finance,Medium
Utilities sector remains stable during market fluctuations,Interest Rate Change,S&P 500,-0.11499999999999999,27.3,Positive,Agriculture,High
New regulations on cryptocurrencies cause a market dip,Unemployment Rate Announcement,Nikkei 225,-1.78,214.41,Positive,Energy,High
Major oil spill sends energy stocks plummeting,Market Rally,DAX,1.35,471.72,Negative,Retail,Medium
Manufacturing PMI data signals economic expansion,Commodity Price Shock,NSE Nifty,-1.65,276.47,Neutral,Telecommunications,Low
ASX 200 gains on strong export performance,Corporate Earnings Report,Russell 2000,0.45,143.44,Positive,Industrials,Low
Consumer confidence index reaches a decade high,Commodity Price Shock,S&P/TSX Composite,4.07,96.75,Neutral,Healthcare,Low
"Global trade talks collapse, causing market turmoil",Major Merger/Acquisition,Shanghai Composite,-4.37,266.44,Positive,Technology,Medium
Consumer confidence index reaches a decade high,Currency Devaluation,Shanghai Composite,-0.11499999999999999,130.02,Positive,Agriculture,Low
ASX 200 gains on strong export performance,Currency Devaluation,TSX,0.66,99.14,Positive,Pharmaceuticals,Medium
Merger talks between two banks fall through,Central Bank Meeting,Nasdaq Composite,-2.22,472.63,Positive,Automotive,High
Manufacturing PMI data signals economic expansion,Geopolitical Event,FTSE 100,4.69,376.11,Positive,Materials,High
Bond yields tumble as investors seek safe havens,Inflation Data Release,FTSE 100,2.44,448.98,Neutral,Real Estate,Medium
"Global trade talks collapse, causing market turmoil",Stock Market Crash,ASX 200,-2.74,148.28,Positive,Utilities,Low
Bond yields tumble as investors seek safe havens,Trade Tariffs Announcement,Russell 2000,-3.58,154.84,Negative,Telecommunications,Medium
Energy company's dividend hike excites shareholders,Currency Devaluation,Hang Seng,-4.07,254.9,Positive,Technology,High
Government subsidy program gives a lift to the agriculture sector,Market Rally,Russell 2000,-2.72,205.74,Negative,Energy,High
Unexpected rise in unemployment fuels market pessimism,Commodity Price Shock,S&P 500,-2.84,192.61,Neutral,Construction,Medium
Government policy shift boosts renewable energy sector,Economic Data Release,S&P/TSX Composite,-0.75,316.45,Neutral,Telecommunications,Low
Major technology firm acquires a smaller rival in a multi-billion dollar deal,Central Bank Meeting,KOSPI,-1.03,194.11,Negative,Consumer Goods,Low
Consumer Discretionary stocks outperform as spending increases,Supply Chain Disruption,Euro Stoxx 50,1.97,310.45,Neutral,Healthcare,High
Unexpected rise in unemployment fuels market pessimism,Economic Data Release,BSE Sensex,-0.87,45.94,Positive,Pharmaceuticals,Medium
"Global trade talks collapse, causing market turmoil",Geopolitical Event,KOSPI,0.51,399.31,Negative,Utilities,High
Major technology firm acquires a smaller rival in a multi-billion dollar deal,IPO Launch,FTSE 100,0.19,168.24,Neutral,Aerospace & Defense,Low
Central Bank Governor signals potential shift in policy,Currency Devaluation,KOSPI,4.2,148.01,Unknown,Healthcare,Low
Geopolitical ceasefire prompts a broad market recovery,Bond Market Fluctuation,Russell 2000,2.89,146.48,Positive,Media & Entertainment,Low
Geopolitical ceasefire prompts a broad market recovery,Cryptocurrency Regulation,Russell 2000,2.54,310.72,Positive,Materials,Medium
Market braces for a major policy announcement from the EU,Cryptocurrency Regulation,DAX,2.37,222.77,Positive,Healthcare,High
Market braces for a major policy announcement from the EU,Supply Chain Disruption,Dow Jones,-1.77,53.82,Neutral,Industrials,High
Government policy shift boosts renewable energy sector,Commodity Price Shock,S&P 500,3.66,420.32,Neutral,Retail,Low
Utilities sector remains stable during market fluctuations,Stock Market Crash,TSX,-4.77,269.9,Neutral,Real Estate,High
Quarterly report shows surprising losses for retail giants,Supply Chain Disruption,NSE Nifty,0.34,124.9,Negative,Construction,High
UK's FTSE 100 sees a boost from favorable trade data,Currency Devaluation,BSE Sensex,2.57,48.26,Neutral,Materials,Medium
Energy company's dividend hike excites shareholders,Bond Market Fluctuation,Hang Seng,-2.26,191.77,Negative,Technology,Low
China's Shanghai Composite falls after new trade restrictions,Consumer Confidence Report,Nikkei 225,-3.3,27.34,Positive,Pharmaceuticals,Low
Dow Jones plunges as market fears recession,Cryptocurrency Regulation,TSX,-0.11499999999999999,147.76,Negative,Industrials,High
Utilities sector remains stable during market fluctuations,Regulatory Changes,Shanghai Composite,1.91,245.93,Negative,Materials,Low
New IPO for a popular software firm is oversubscribed,Geopolitical Event,FTSE 100,-3.6,470.17,Positive,Automotive,High
Utilities sector remains stable during market fluctuations,Regulatory Changes,IBOVESPA,-3.07,62.13,Neutral,Pharmaceuticals,Medium
Gold prices surge as investors flee riskier assets,Bond Market Fluctuation,ASX 200,4.07,53.83,Neutral,Media & Entertainment,Medium
UK's FTSE 100 sees a boost from favorable trade data,Currency Devaluation,Dow Jones,-0.11499999999999999,243.13,Neutral,Materials,Medium
Record-high inflation data rattles investors,Government Policy Announcement,Hang Seng,-1.44,438.85,Positive,Telecommunications,Low
Mining company stock surges on commodity price boom,Market Rally,Russell 2000,-4.39,454.74,Unknown,Retail,High
Banking stocks dip after a major scandal is revealed,Market Rally,Dow Jones,-1.68,465.45,Neutral,Energy,High
Utilities sector remains stable during market fluctuations,Supply Chain Disruption,Russell 2000,-0.35,384.93,Negative,Finance,High
Government spending bill is expected to stimulate the economy,Economic Data Release,Nasdaq Composite,3.88,184.99,Positive,Aerospace & Defense,Medium
New housing data release shows a slowdown in market activity,Bond Market Fluctuation,Dow Jones,1.49,188.56,Positive,Utilities,High
ASX 200 gains on strong export performance,Inflation Data Release,S&P/TSX Composite,-0.11499999999999999,49.83,Positive,Telecommunications,Low
Financial sector bracing for new capital requirements,Economic Data Release,ASX 200,1.03,150.83,Positive,Agriculture,Medium
E-commerce earnings report beats all analyst expectations,Major Merger/Acquisition,CAC 40,-0.97,135.72,Negative,Transportation,Medium
Major technology firm acquires a smaller rival in a multi-billion dollar deal,Unemployment Rate Announcement,TSX,-0.92,321.02,Positive,Technology,Low
Dow Jones plunges as market fears recession,Economic Data Release,Nasdaq Composite,3.75,103.01,Negative,Pharmaceuticals,High
Crude oil prices drop to a multi-year low,Central Bank Meeting,CAC 40,-4.24,220.4,Negative,Materials,High
Dow Jones plunges as market fears recession,Market Rally,S&P/TSX Composite,2.25,15.3,Negative,Automotive,Low
Real Estate sector shows signs of overheating as interest rates fall,Regulatory Changes,BSE Sensex,0.19,215.97,Positive,Agriculture,Medium
Aerospace and Defense sector sees rally amid geopolitical tensions,Central Bank Meeting,S&P 500,1.68,147.47,Neutral,Real Estate,Low
Bond yields tumble as investors seek safe havens,Cryptocurrency Regulation,Hang Seng,-2.76,478.5,Positive,Construction,Medium
Government subsidy program gives a lift to the agriculture sector,Economic Data Release,S&P 500,-2.15,111.85,Negative,Finance,Medium
Manufacturing PMI data signals economic expansion,Market Rally,Hang Seng,-0.86,278.35,Negative,Energy,High
"Global trade talks collapse, causing market turmoil",Commodity Price Shock,Shanghai Composite,4.74,267.84,Negative,Automotive,Medium
New IPO for a popular software firm is oversubscribed,Bond Market Fluctuation,TSX,-2.66,15.61,Positive,Agriculture,Medium
Government spending bill is expected to stimulate the economy,Market Rally,IBOVESPA,-2.99,60.56,Unknown,Media & Entertainment,High
Retail sales report surpasses all forecasts,Inflation Data Release,Shanghai Composite,-2.08,223.55,Positive,Construction,High
E-commerce earnings report beats all analyst expectations,Major Merger/Acquisition,S&P 500,3.43,269.55,Positive,Construction,Low
Automotive industry faces headwinds from rising material costs,Geopolitical Event,TSX,-1.7,386.22,Negative,Real Estate,High
Federal Reserve Chairman's speech causes market volatility,Commodity Price Shock,Dow Jones,1.12,10.4,Unknown,Materials,Low
Central Bank's dovish tone hints at future rate cuts,Interest Rate Change,Shanghai Composite,-0.26,309.25,Positive,Agriculture,Medium
A massive data breach sends a tech company's stock tumbling,Supply Chain Disruption,S&P/TSX Composite,-2.37,310.91,Positive,Transportation,Medium
Pharmaceutical company's drug approval drives stock upward,Bond Market Fluctuation,Nikkei 225,-2.11,157.82,Negative,Agriculture,Low
Nikkei 225 index benefits from a weaker yen,Geopolitical Event,ASX 200,-0.24,387.96,Neutral,Real Estate,High
Major oil spill sends energy stocks plummeting,Consumer Confidence Report,NSE Nifty,4.39,204.03,Neutral,Healthcare,Medium
Supply chain issues impact manufacturing sector earnings,Commodity Price Shock,Dow Jones,-0.11499999999999999,61.35,Negative,Real Estate,High
Mining company stock surges on commodity price boom,Unemployment Rate Announcement,BSE Sensex,4.58,385.19,Negative,Aerospace & Defense,High
Major oil spill sends energy stocks plummeting,Unemployment Rate Announcement,Shanghai Composite,3.25,457.22,Negative,Materials,High
Gold prices surge as investors flee riskier assets,Geopolitical Event,Hang Seng,-3.1,24.67,Positive,Technology,High
Tech Giant's New Product Launch Sparks Sector-Wide Gains,Government Policy Announcement,CAC 40,4.74,444.37,Neutral,Retail,High
Consumer Discretionary stocks outperform as spending increases,Stock Market Crash,BSE Sensex,-0.44,28.63,Neutral,Construction,High
Consumer Discretionary stocks outperform as spending increases,Major Merger/Acquisition,TSX,-3.57,64.46,Neutral,Industrials,High
Central Bank's dovish tone hints at future rate cuts,Bond Market Fluctuation,S&P/TSX Composite,0.38,145.66,Positive,Industrials,Medium
Gold prices surge as investors flee riskier assets,Inflation Data Release,KOSPI,-2.5,307.64,Neutral,Finance,High
Merger talks between two banks fall through,Trade Tariffs Announcement,Nasdaq Composite,-1.17,178.21,Negative,Pharmaceuticals,Medium
New regulations on cryptocurrencies cause a market dip,IPO Launch,CAC 40,1.96,78.55,Negative,Utilities,Medium
Central Bank's dovish tone hints at future rate cuts,Trade Tariffs Announcement,DAX,-2.77,242.42,Neutral,Automotive,Medium
Supply chain issues impact manufacturing sector earnings,Inflation Data Release,TSX,-2.63,4.91,Neutral,Agriculture,Low
Government subsidy program gives a lift to the agriculture sector,Supply Chain Disruption,FTSE 100,-1.9,258.63,Negative,Automotive,Medium
Central Bank Governor signals potential shift in policy,Trade Tariffs Announcement,KOSPI,-3.95,80.13,Neutral,Agriculture,Medium
Market sentiment turns positive on vaccine trial results,Government Policy Announcement,S&P 500,-3.44,102.43,Unknown,Technology,Low
Real Estate sector shows signs of overheating as interest rates fall,Market Rally,Shanghai Composite,3.28,250.19,Unknown,Agriculture,Medium
Pharmaceutical company's drug approval drives stock upward,Stock Market Crash,Russell 2000,4.66,415.96,Positive,Real Estate,Medium
Automotive industry faces headwinds from rising material costs,Bond Market Fluctuation,NSE Nifty,-0.19,189.31,Negative,Materials,High
Mining company stock surges on commodity price boom,Major Merger/Acquisition,S&P/TSX Composite,-2.07,114.86,Neutral,Transportation,High
UK's FTSE 100 sees a boost from favorable trade data,Commodity Price Shock,IBOVESPA,-4.99,189.42,Positive,Energy,Low
Geopolitical ceasefire prompts a broad market recovery,Corporate Earnings Report,ASX 200,2.34,135.48,Negative,Utilities,Low
Crude oil prices drop to a multi-year low,Unemployment Rate Announcement,S&P/TSX Composite,3.22,23.95,Negative,Agriculture,Low
New regulations on cryptocurrencies cause a market dip,Regulatory Changes,Shanghai Composite,-4.24,376.51,Neutral,Consumer Goods,Low
E-commerce earnings report beats all analyst expectations,IPO Launch,TSX,2.05,305.46,Neutral,Pharmaceuticals,High
A massive data breach sends a tech company's stock tumbling,Currency Devaluation,Dow Jones,4.5,484.65,Positive,Consumer Goods,Medium
ASX 200 gains on strong export performance,Central Bank Meeting,S&P/TSX Composite,4.81,470.72,Negative,Aerospace & Defense,Medium
Tech Giant's New Product Launch Sparks Sector-Wide Gains,Commodity Price Shock,Nasdaq Composite,-3.52,359.1,Neutral,Media & Entertainment,Low
New IPO for a popular software firm is oversubscribed,Market Rally,CAC 40,-3.79,417.49,Positive,Retail,Low
"Global trade talks collapse, causing market turmoil",Supply Chain Disruption,S&P/TSX Composite,-1.52,11.41,Positive,Construction,High
Merger talks between two banks fall through,Regulatory Changes,Russell 2000,3.28,189.24,Negative,Finance,Low
Government policy shift boosts renewable energy sector,Currency Devaluation,DAX,-3.03,452.82,Negative,Pharmaceuticals,Medium
Market braces for a major policy announcement from the EU,Inflation Data Release,Nikkei 225,0.41,452.95,Neutral,Pharmaceuticals,Medium
Utilities sector remains stable during market fluctuations,Commodity Price Shock,S&P/TSX Composite,0.74,390.61,Neutral,Technology,Low
Quarterly report shows surprising losses for retail giants,Commodity Price Shock,NSE Nifty,-0.11499999999999999,169.45,Unknown,Automotive,Medium
Government policy shift boosts renewable energy sector,Corporate Earnings Report,Shanghai Composite,2.82,247.95,Positive,Telecommunications,Medium
Financial sector bracing for new capital requirements,Regulatory Changes,S&P 500,-0.78,379.27,Negative,Retail,Medium
China's Shanghai Composite falls after new trade restrictions,Inflation Data Release,FTSE 100,-0.11499999999999999,300.34,Neutral,Pharmaceuticals,Medium
Automotive industry faces headwinds from rising material costs,Bond Market Fluctuation,S&P 500,-1.66,373.14,Positive,Consumer Goods,High
Market sentiment turns positive on vaccine trial results,Economic Data Release,TSX,0.06,305.74,Neutral,Technology,Low
Real Estate sector shows signs of overheating as interest rates fall,Economic Data Release,Euro Stoxx 50,2.56,32.32,Neutral,Technology,High
Retail sales report surpasses all forecasts,Central Bank Meeting,S&P 500,-0.25,278.28,Positive,Retail,Low
Gold prices surge as investors flee riskier assets,Regulatory Changes,IBOVESPA,2.24,369.48,Negative,Construction,High
Government subsidy program gives a lift to the agriculture sector,Corporate Earnings Report,S&P/TSX Composite,4.47,258.63,Neutral,Consumer Goods,High
China's Shanghai Composite falls after new trade restrictions,Regulatory Changes,Russell 2000,-3.89,60.95,Negative,Real Estate,Medium
Unexpected rise in unemployment fuels market pessimism,Interest Rate Change,Dow Jones,-2.09,265.8,Positive,Construction,Medium
Federal Reserve Chairman's speech causes market volatility,Regulatory Changes,Hang Seng,-4.92,223.28,Neutral,Utilities,High
A massive data breach sends a tech company's stock tumbling,Economic Data Release,S&P/TSX Composite,-1.65,109.53,Positive,Healthcare,Low
UK's FTSE 100 sees a boost from favorable trade data,Stock Market Crash,FTSE 100,4.05,345.86,Neutral,Finance,Low
New regulations on cryptocurrencies cause a market dip,Consumer Confidence Report,DAX,0.4,294.48,Negative,Aerospace & Defense,High
Real Estate sector shows signs of overheating as interest rates fall,Unemployment Rate Announcement,DAX,1.04,432.73,Positive,Healthcare,Medium
Banking stocks dip after a major scandal is revealed,Unemployment Rate Announcement,Nasdaq Composite,3.9,421.0,Neutral,Pharmaceuticals,High
Unexpected rise in unemployment fuels market pessimism,Central Bank Meeting,S&P/TSX Composite,-0.67,86.61,Neutral,Construction,Low
Supply chain issues impact manufacturing sector earnings,Government Policy Announcement,CAC 40,-0.85,358.72,Positive,Industrials,Medium
New housing data release shows a slowdown in market activity,Interest Rate Change,KOSPI,1.16,150.6,Unknown,Real Estate,Low
ASX 200 gains on strong export performance,Stock Market Crash,ASX 200,-4.96,229.53,Neutral,Aerospace & Defense,Low
Financial services stocks rally on strong profit margins,Cryptocurrency Regulation,Hang Seng,2.07,296.72,Unknown,Energy,High
Pharmaceutical company's drug approval drives stock upward,Major Merger/Acquisition,Dow Jones,1.41,40.88,Neutral,Finance,High
Utilities sector remains stable during market fluctuations,Cryptocurrency Regulation,Nikkei 225,-1.7,138.64,Neutral,Materials,High
Central bank maintains status quo on interest rates,Stock Market Crash,Dow Jones,-3.73,293.92,Positive,Transportation,Medium
Media and Entertainment companies report a surge in streaming revenue,Commodity Price Shock,BSE Sensex,-4.81,171.27,Negative,Real Estate,Low
Government policy shift boosts renewable energy sector,Major Merger/Acquisition,NSE Nifty,-1.91,150.1,Negative,Retail,Medium
Major oil spill sends energy stocks plummeting,Corporate Earnings Report,NSE Nifty,-0.27,51.75,Unknown,Industrials,Medium
Semiconductor shortages weigh heavily on tech sector profits,Bond Market Fluctuation,Russell 2000,-2.19,240.62,Neutral,Media & Entertainment,High
Energy company's dividend hike excites shareholders,Stock Market Crash,Euro Stoxx 50,-2.38,159.1,Negative,Consumer Goods,High
China's Shanghai Composite falls after new trade restrictions,Supply Chain Disruption,Russell 2000,-4.16,94.97,Positive,Retail,High
Gold prices surge as investors flee riskier assets,Inflation Data Release,KOSPI,-1.45,217.08,Neutral,Aerospace & Defense,Medium
Federal Reserve Chairman's speech causes market volatility,Interest Rate Change,Shanghai Composite,2.24,339.04,Negative,Energy,Medium
Automotive industry faces headwinds from rising material costs,Market Rally,NSE Nifty,1.02,461.17,Unknown,Aerospace & Defense,High
Major technology firm acquires a smaller rival in a multi-billion dollar deal,Major Merger/Acquisition,CAC 40,-0.11499999999999999,455.92,Neutral,Finance,Medium
Semiconductor shortages weigh heavily on tech sector profits,Bond Market Fluctuation,BSE Sensex,-2.72,255.15,Unknown,Automotive,Low
Healthcare stocks gain on robust demand and strong outlook,Interest Rate Change,NSE Nifty,-0.78,281.69,Neutral,Telecommunications,Medium
Quarterly report shows surprising losses for retail giants,Inflation Data Release,CAC 40,-1.02,493.12,Neutral,Energy,Low
Automotive industry faces headwinds from rising material costs,Corporate Earnings Report,DAX,2.21,57.88,Negative,Utilities,Low
Major oil spill sends energy stocks plummeting,Commodity Price Shock,Euro Stoxx 50,-4.73,436.03,Positive,Agriculture,Low
Media and Entertainment companies report a surge in streaming revenue,Commodity Price Shock,Dow Jones,0.66,284.53,Negative,Energy,Low
Real Estate sector shows signs of overheating as interest rates fall,Economic Data Release,TSX,2.31,21.81,Negative,Finance,High
Government subsidy program gives a lift to the agriculture sector,Central Bank Meeting,KOSPI,-2.58,70.41,Negative,Aerospace & Defense,Low
Manufacturing PMI data signals economic expansion,Commodity Price Shock,Euro Stoxx 50,2.32,75.6,Neutral,Technology,Low
UK's FTSE 100 sees a boost from favorable trade data,Major Merger/Acquisition,S&P/TSX Composite,4.95,103.7,Negative,Aerospace & Defense,High
Government policy shift boosts renewable energy sector,Geopolitical Event,Hang Seng,-1.8,494.61,Unknown,Aerospace & Defense,Medium
Mining company stock surges on commodity price boom,Major Merger/Acquisition,DAX,-0.92,44.19,Neutral,Retail,High
Utilities sector remains stable during market fluctuations,Geopolitical Event,IBOVESPA,4.02,58.69,Neutral,Telecommunications,Low
Energy company's dividend hike excites shareholders,Cryptocurrency Regulation,Shanghai Composite,-4.22,359.24,Neutral,Energy,Medium
Massive stock buyback program announced by a consumer goods company,Government Policy Announcement,S&P/TSX Composite,-4.43,55.81,Neutral,Industrials,Low
Media and Entertainment companies report a surge in streaming revenue,Bond Market Fluctuation,ASX 200,-1.99,264.56,Unknown,Energy,Low
Central Bank Governor signals potential shift in policy,Central Bank Meeting,FTSE 100,0.44,118.52,Negative,Telecommunications,Low
Utilities sector remains stable during market fluctuations,Economic Data Release,FTSE 100,0.31,51.79,Neutral,Consumer Goods,High
A massive data breach sends a tech company's stock tumbling,IPO Launch,Nasdaq Composite,1.41,141.37,Positive,Materials,Medium
New housing data release shows a slowdown in market activity,Commodity Price Shock,Euro Stoxx 50,-1.74,310.89,Positive,Telecommunications,Medium
Gold prices surge as investors flee riskier assets,IPO Launch,S&P 500,1.21,384.75,Negative,Materials,Medium
Media and Entertainment companies report a surge in streaming revenue,Central Bank Meeting,NSE Nifty,-2.3,351.67,Negative,Industrials,High
Major technology firm acquires a smaller rival in a multi-billion dollar deal,Regulatory Changes,TSX,-1.29,166.51,Neutral,Automotive,Medium
Major oil spill sends energy stocks plummeting,Regulatory Changes,Shanghai Composite,3.43,472.48,Negative,Media & Entertainment,High
UK's FTSE 100 sees a boost from favorable trade data,Commodity Price Shock,S&P 500,4.61,88.14,Unknown,Agriculture,High
Central Bank's dovish tone hints at future rate cuts,Government Policy Announcement,IBOVESPA,-3.01,346.08,Unknown,Retail,Medium
"Global trade talks collapse, causing market turmoil",Corporate Earnings Report,S&P/TSX Composite,3.02,80.15,Negative,Utilities,Low
Banking stocks dip after a major scandal is revealed,Trade Tariffs Announcement,ASX 200,-4.57,169.79,Negative,Media & Entertainment,High
Manufacturing PMI data signals economic expansion,Interest Rate Change,IBOVESPA,-0.17,392.52,Positive,Construction,Medium
Government policy shift boosts renewable energy sector,Commodity Price Shock,NSE Nifty,0.5,164.6,Positive,Utilities,Low
Retail sales report surpasses all forecasts,Geopolitical Event,NSE Nifty,4.09,272.7,Negative,Consumer Goods,Low
Pharmaceutical company's drug approval drives stock upward,Cryptocurrency Regulation,Nikkei 225,-3.77,145.61,Neutral,Telecommunications,Low
Market sentiment turns positive on vaccine trial results,Interest Rate Change,CAC 40,-1.34,81.39,Neutral,Real Estate,Low
Government policy shift boosts renewable energy sector,Government Policy Announcement,IBOVESPA,3.76,241.26,Negative,Automotive,Low
Bond yields tumble as investors seek safe havens,Inflation Data Release,S&P 500,0.03,156.2,Positive,Telecommunications,High
"Global trade talks collapse, causing market turmoil",Consumer Confidence Report,Euro Stoxx 50,3.86,78.26,Negative,Media & Entertainment,High
Tech Giant's New Product Launch Sparks Sector-Wide Gains,Government Policy Announcement,Hang Seng,3.47,333.34,Positive,Agriculture,Low
Unexpected rise in unemployment fuels market pessimism,Central Bank Meeting,NSE Nifty,-0.64,121.63,Neutral,Technology,High
Massive stock buyback program announced by a consumer goods company,Trade Tariffs Announcement,DAX,1.96,57.4,Neutral,Materials,High
Utilities sector remains stable during market fluctuations,Corporate Earnings Report,NSE Nifty,-3.55,387.72,Positive,Telecommunications,Low
Aerospace and Defense sector sees rally amid geopolitical tensions,Commodity Price Shock,Euro Stoxx 50,3.75,8.51,Unknown,Utilities,Medium
Merger talks between two banks fall through,Regulatory Changes,CAC 40,0.35,22.34,Neutral,Automotive,Medium
Record-high inflation data rattles investors,Commodity Price Shock,S&P 500,-4.09,120.15,Negative,Retail,Medium
ASX 200 gains on strong export performance,Market Rally,Euro Stoxx 50,2.17,197.57,Neutral,Materials,Low
Consumer confidence index reaches a decade high,Economic Data Release,CAC 40,2.46,358.46,Positive,Media & Entertainment,High
Government subsidy program gives a lift to the agriculture sector,Unemployment Rate Announcement,Shanghai Composite,0.14,148.38,Positive,Technology,Low
Consumer confidence index reaches a decade high,Central Bank Meeting,Nikkei 225,-3.71,45.77,Positive,Finance,Low
Bond yields tumble as investors seek safe havens,Market Rally,FTSE 100,2.31,157.74,Positive,Real Estate,Medium
Record-high inflation data rattles investors,Supply Chain Disruption,Nasdaq Composite,3.79,453.82,Neutral,Technology,High
Media and Entertainment companies report a surge in streaming revenue,Commodity Price Shock,IBOVESPA,-0.84,353.22,Negative,Transportation,Medium
Government policy shift boosts renewable energy sector,Market Rally,Russell 2000,-4.19,411.02,Negative,Utilities,Low
Utilities sector remains stable during market fluctuations,Commodity Price Shock,Nikkei 225,-0.95,233.42,Positive,Construction,High
Semiconductor shortages weigh heavily on tech sector profits,Corporate Earnings Report,KOSPI,0.34,32.79,Negative,Transportation,Low
Consumer confidence index reaches a decade high,IPO Launch,KOSPI,-2.95,326.91,Positive,Transportation,Low
Market sentiment turns positive on vaccine trial results,Bond Market Fluctuation,Nasdaq Composite,-3.66,443.53,Positive,Pharmaceuticals,Medium
Central bank maintains status quo on interest rates,Interest Rate Change,Russell 2000,0.36,442.67,Neutral,Pharmaceuticals,Medium
Government spending bill is expected to stimulate the economy,Stock Market Crash,Shanghai Composite,4.59,124.74,Unknown,Technology,Medium
E-commerce earnings report beats all analyst expectations,Currency Devaluation,BSE Sensex,3.27,190.83,Positive,Retail,High
Bond yields tumble as investors seek safe havens,Cryptocurrency Regulation,Euro Stoxx 50,2.7,452.85,Negative,Energy,Low
Retail sales report surpasses all forecasts,Trade Tariffs Announcement,DAX,-4.65,231.61,Neutral,Transportation,Medium
Central Bank's dovish tone hints at future rate cuts,Supply Chain Disruption,Euro Stoxx 50,-1.68,108.66,Negative,Retail,Medium
Banking stocks dip after a major scandal is revealed,Government Policy Announcement,Euro Stoxx 50,-0.11499999999999999,312.83,Neutral,Transportation,Low
Market braces for a major policy announcement from the EU,IPO Launch,Dow Jones,4.29,33.76,Positive,Technology,High
Crude oil prices drop to a multi-year low,Consumer Confidence Report,DAX,-3.7,443.42,Negative,Healthcare,Medium
Merger talks between two banks fall through,Government Policy Announcement,FTSE 100,-0.11499999999999999,282.68,Negative,Automotive,Medium
ASX 200 gains on strong export performance,Central Bank Meeting,Euro Stoxx 50,4.14,3.16,Neutral,Telecommunications,High
Financial sector bracing for new capital requirements,IPO Launch,IBOVESPA,0.34,141.54,Neutral,Consumer Goods,Low
Government subsidy program gives a lift to the agriculture sector,Consumer Confidence Report,Nikkei 225,0.33,197.46,Positive,Technology,Low
Government policy shift boosts renewable energy sector,Geopolitical Event,S&P/TSX Composite,-0.11499999999999999,140.23,Neutral,Healthcare,Medium
Real Estate sector shows signs of overheating as interest rates fall,Trade Tariffs Announcement,Euro Stoxx 50,-1.01,224.14,Negative,Finance,Low
Consumer Discretionary stocks outperform as spending increases,Market Rally,Nikkei 225,2.56,418.04,Negative,Retail,High
New housing data release shows a slowdown in market activity,Interest Rate Change,BSE Sensex,0.99,90.21,Neutral,Finance,High
Healthcare stocks gain on robust demand and strong outlook,Cryptocurrency Regulation,Euro Stoxx 50,2.35,364.51,Negative,Retail,High
Semiconductor shortages weigh heavily on tech sector profits,Stock Market Crash,S&P 500,2.66,46.12,Negative,Retail,Medium
Retail sales report surpasses all forecasts,Stock Market Crash,DAX,0.19,364.36,Neutral,Media & Entertainment,Low
Major oil spill sends energy stocks plummeting,Market Rally,KOSPI,-2.7,136.26,Positive,Agriculture,Medium
Record-high inflation data rattles investors,Regulatory Changes,Shanghai Composite,-1.58,11.25,Negative,Retail,Medium
Geopolitical ceasefire prompts a broad market recovery,Government Policy Announcement,KOSPI,2.52,259.1,Negative,Aerospace & Defense,High
Central Bank's dovish tone hints at future rate cuts,Corporate Earnings Report,Nasdaq Composite,-3.37,259.98,Negative,Media & Entertainment,Low
China's Shanghai Composite falls after new trade restrictions,Interest Rate Change,Nikkei 225,-1.75,452.77,Positive,Telecommunications,High
Record-high inflation data rattles investors,Currency Devaluation,CAC 40,4.52,74.82,Positive,Pharmaceuticals,Medium
Unexpected rise in unemployment fuels market pessimism,Cryptocurrency Regulation,S&P/TSX Composite,1.78,182.32,Positive,Construction,Low
Massive stock buyback program announced by a consumer goods company,Cryptocurrency Regulation,NSE Nifty,-0.11499999999999999,118.22,Negative,Transportation,High
Major technology firm acquires a smaller rival in a multi-billion dollar deal,Supply Chain Disruption,DAX,4.12,80.18,Positive,Technology,Medium
Central Bank's dovish tone hints at future rate cuts,Major Merger/Acquisition,BSE Sensex,4.41,425.02,Positive,Transportation,High
Government spending bill is expected to stimulate the economy,Commodity Price Shock,NSE Nifty,3.98,144.49,Negative,Agriculture,High
Bond yields tumble as investors seek safe havens,Major Merger/Acquisition,ASX 200,-2.78,148.85,Positive,Energy,Medium
ASX 200 gains on strong export performance,Geopolitical Event,NSE Nifty,2.0,272.63,Negative,Aerospace & Defense,Low
Government spending bill is expected to stimulate the economy,Trade Tariffs Announcement,FTSE 100,2.19,12.14,Negative,Pharmaceuticals,Medium
New regulations on cryptocurrencies cause a market dip,Consumer Confidence Report,Shanghai Composite,1.81,393.65,Positive,Agriculture,Low
Quarterly report shows surprising losses for retail giants,Unemployment Rate Announcement,KOSPI,-4.33,254.37,Negative,Industrials,Low
Manufacturing PMI data signals economic expansion,Trade Tariffs Announcement,Shanghai Composite,-0.2,220.75,Negative,Technology,Low
Government subsidy program gives a lift to the agriculture sector,Major Merger/Acquisition,TSX,-1.98,413.03,Neutral,Agriculture,Medium
Quarterly report shows surprising losses for retail giants,Central Bank Meeting,Nasdaq Composite,-2.31,62.42,Positive,Retail,High
Consumer Discretionary stocks outperform as spending increases,Interest Rate Change,Hang Seng,0.7,339.83,Negative,Transportation,Medium
Central bank maintains status quo on interest rates,Interest Rate Change,DAX,0.2,395.39,Neutral,Consumer Goods,High
China's Shanghai Composite falls after new trade restrictions,Bond Market Fluctuation,TSX,4.46,2.1,Neutral,Energy,Low
Merger talks between two banks fall through,Corporate Earnings Report,S&P/TSX Composite,-0.11499999999999999,269.84,Neutral,Healthcare,Medium
Dow Jones plunges as market fears recession,Inflation Data Release,Nasdaq Composite,-0.26,290.55,Unknown,Automotive,Medium
Government subsidy program gives a lift to the agriculture sector,Bond Market Fluctuation,CAC 40,0.27,170.01,Positive,Healthcare,High
Pharmaceutical company's drug approval drives stock upward,Bond Market Fluctuation,BSE Sensex,2.77,226.65,Negative,Media & Entertainment,Low
Central Bank's dovish tone hints at future rate cuts,Unemployment Rate Announcement,FTSE 100,1.19,354.11,Negative,Technology,Low
Utilities sector remains stable during market fluctuations,Corporate Earnings Report,Hang Seng,1.22,354.14,Neutral,Retail,Low
Tech Giant's New Product Launch Sparks Sector-Wide Gains,Consumer Confidence Report,Nasdaq Composite,0.87,15.22,Neutral,Telecommunications,Low
Media and Entertainment companies report a surge in streaming revenue,Consumer Confidence Report,KOSPI,0.96,193.15,Neutral,Aerospace & Defense,High
Supply chain issues impact manufacturing sector earnings,Bond Market Fluctuation,Hang Seng,-0.5,122.67,Neutral,Healthcare,High
Financial services stocks rally on strong profit margins,Market Rally,Russell 2000,-0.8,359.16,Positive,Telecommunications,Low
Major technology firm acquires a smaller rival in a multi-billion dollar deal,Interest Rate Change,TSX,-3.08,50.71,Neutral,Consumer Goods,Low
Market sentiment turns positive on vaccine trial results,Central Bank Meeting,ASX 200,4.49,60.54,Neutral,Technology,High
Bond yields tumble as investors seek safe havens,Stock Market Crash,Nasdaq Composite,-3.46,30.82,Negative,Healthcare,Medium
China's Shanghai Composite falls after new trade restrictions,Supply Chain Disruption,Nasdaq Composite,-2.28,444.87,Unknown,Automotive,High
Pharmaceutical company's drug approval drives stock upward,Interest Rate Change,IBOVESPA,4.98,457.49,Positive,Media & Entertainment,Medium
Market braces for a major policy announcement from the EU,Stock Market Crash,S&P/TSX Composite,-0.58,301.43,Positive,Energy,High
Mining company stock surges on commodity price boom,Stock Market Crash,Russell 2000,3.86,112.56,Neutral,Automotive,Medium
Government policy shift boosts renewable energy sector,Interest Rate Change,Nikkei 225,4.53,219.87,Positive,Retail,High
Supply chain issues impact manufacturing sector earnings,Consumer Confidence Report,Russell 2000,3.67,315.54,Neutral,Technology,Low
China's Shanghai Composite falls after new trade restrictions,Stock Market Crash,KOSPI,-0.11499999999999999,265.2,Neutral,Transportation,Medium
New regulations on cryptocurrencies cause a market dip,Major Merger/Acquisition,FTSE 100,-2.49,217.32,Unknown,Materials,High
Automotive industry faces headwinds from rising material costs,Market Rally,CAC 40,-1.43,298.71,Negative,Agriculture,Medium
Supply chain issues impact manufacturing sector earnings,Supply Chain Disruption,ASX 200,-0.11499999999999999,7.07,Negative,Utilities,High
Aerospace and Defense sector sees rally amid geopolitical tensions,IPO Launch,DAX,-3.29,12.49,Positive,Industrials,Low
New regulations on cryptocurrencies cause a market dip,Unemployment Rate Announcement,Dow Jones,1.16,488.06,Negative,Technology,Low
Bond yields tumble as investors seek safe havens,Government Policy Announcement,Nikkei 225,-4.66,288.09,Unknown,Utilities,Medium
Real Estate sector shows signs of overheating as interest rates fall,Unemployment Rate Announcement,S&P/TSX Composite,-3.92,74.54,Positive,Construction,High
E-commerce earnings report beats all analyst expectations,Central Bank Meeting,S&P 500,4.83,390.12,Negative,Aerospace & Defense,Low
Crude oil prices drop to a multi-year low,Interest Rate Change,Nikkei 225,-0.16,457.28,Positive,Industrials,High
New regulations on cryptocurrencies cause a market dip,Interest Rate Change,Shanghai Composite,4.38,403.36,Negative,Energy,Low
Semiconductor shortages weigh heavily on tech sector profits,Geopolitical Event,Russell 2000,3.38,143.83,Positive,Retail,Medium
Media and Entertainment companies report a surge in streaming revenue,Interest Rate Change,Nasdaq Composite,-4.3,199.42,Negative,Agriculture,High
Market braces for a major policy announcement from the EU,Market Rally,BSE Sensex,-0.11499999999999999,328.97,Negative,Healthcare,Low
Manufacturing PMI data signals economic expansion,Currency Devaluation,NSE Nifty,-2.94,173.05,Positive,Agriculture,Medium
Supply chain issues impact manufacturing sector earnings,Government Policy Announcement,Nasdaq Composite,-3.68,461.81,Negative,Pharmaceuticals,Low
Government subsidy program gives a lift to the agriculture sector,Interest Rate Change,Hang Seng,-0.11499999999999999,464.15,Neutral,Agriculture,Medium
Supply chain issues impact manufacturing sector earnings,Supply Chain Disruption,Russell 2000,3.08,105.61,Unknown,Media & Entertainment,Medium
Automotive industry faces headwinds from rising material costs,Unemployment Rate Announcement,Nasdaq Composite,-4.73,343.99,Positive,Media & Entertainment,Low
Central Bank Governor signals potential shift in policy,Market Rally,DAX,3.2,378.75,Neutral,Real Estate,Low
Government policy shift boosts renewable energy sector,Consumer Confidence Report,S&P/TSX Composite,-4.34,490.21,Positive,Telecommunications,Medium
Consumer Discretionary stocks outperform as spending increases,Market Rally,Euro Stoxx 50,-0.24,184.97,Negative,Pharmaceuticals,High
New regulations on cryptocurrencies cause a market dip,Government Policy Announcement,DAX,-0.11499999999999999,369.4,Positive,Agriculture,High
Real Estate sector shows signs of overheating as interest rates fall,Major Merger/Acquisition,BSE Sensex,0.1,85.69,Negative,Retail,Medium
Retail sales report surpasses all forecasts,Regulatory Changes,Russell 2000,-1.68,473.22,Unknown,Real Estate,High
Financial sector bracing for new capital requirements,IPO Launch,TSX,-1.34,142.67,Negative,Real Estate,High
China's Shanghai Composite falls after new trade restrictions,Bond Market Fluctuation,Hang Seng,-2.32,313.22,Negative,Agriculture,High
Dow Jones plunges as market fears recession,IPO Launch,Dow Jones,3.45,433.62,Positive,Materials,Medium
Automotive industry faces headwinds from rising material costs,Major Merger/Acquisition,Dow Jones,-2.65,460.86,Negative,Telecommunications,Low
Banking stocks dip after a major scandal is revealed,Regulatory Changes,Dow Jones,-3.75,236.98,Neutral,Retail,High
Major technology firm acquires a smaller rival in a multi-billion dollar deal,Consumer Confidence Report,NSE Nifty,4.93,494.88,Negative,Energy,Medium
Bond yields tumble as investors seek safe havens,Regulatory Changes,IBOVESPA,-0.92,242.07,Positive,Telecommunications,Medium
Semiconductor shortages weigh heavily on tech sector profits,Government Policy Announcement,CAC 40,0.21,151.51,Positive,Media & Entertainment,Medium
Energy company's dividend hike excites shareholders,Central Bank Meeting,DAX,-2.4,76.17,Negative,Industrials,High
Central Bank's dovish tone hints at future rate cuts,Central Bank Meeting,IBOVESPA,3.34,242.17,Unknown,Industrials,High
New housing data release shows a slowdown in market activity,Regulatory Changes,CAC 40,-2.82,75.95,Negative,Consumer Goods,Low
Government spending bill is expected to stimulate the economy,Corporate Earnings Report,ASX 200,-1.87,433.62,Positive,Real Estate,Medium
Banking stocks dip after a major scandal is revealed,Market Rally,BSE Sensex,-3.54,334.07,Neutral,Automotive,High
China's Shanghai Composite falls after new trade restrictions,Bond Market Fluctuation,Hang Seng,-3.19,322.12,Unknown,Consumer Goods,Medium
Government subsidy program gives a lift to the agriculture sector,Government Policy Announcement,KOSPI,-0.59,467.06,Positive,Telecommunications,Low
Central Bank Governor signals potential shift in policy,Commodity Price Shock,ASX 200,-0.08,240.18,Positive,Automotive,Low
Media and Entertainment companies report a surge in streaming revenue,Interest Rate Change,TSX,-4.83,290.86,Neutral,Telecommunications,High
Automotive industry faces headwinds from rising material costs,Cryptocurrency Regulation,Dow Jones,-1.47,12.3,Neutral,Energy,High
Consumer Discretionary stocks outperform as spending increases,Stock Market Crash,NSE Nifty,-2.18,49.51,Negative,Finance,Medium
Market sentiment turns positive on vaccine trial results,Geopolitical Event,IBOVESPA,-4.67,241.5,Positive,Consumer Goods,Low
Consumer confidence index reaches a decade high,Market Rally,BSE Sensex,4.61,205.74,Neutral,Technology,Low
Financial services stocks rally on strong profit margins,Commodity Price Shock,KOSPI,3.21,222.28,Negative,Transportation,Medium
Supply chain issues impact manufacturing sector earnings,Cryptocurrency Regulation,IBOVESPA,-2.65,42.02,Neutral,Media & Entertainment,Medium
New IPO for a popular software firm is oversubscribed,Market Rally,Hang Seng,-0.11499999999999999,222.33,Negative,Materials,Low
Dow Jones plunges as market fears recession,Supply Chain Disruption,Hang Seng,2.86,294.94,Negative,Transportation,High
Government spending bill is expected to stimulate the economy,Corporate Earnings Report,S&P 500,1.22,172.11,Positive,Consumer Goods,High
Consumer confidence index reaches a decade high,Regulatory Changes,IBOVESPA,-2.53,192.59,Neutral,Healthcare,Medium
New IPO for a popular software firm is oversubscribed,Supply Chain Disruption,Nikkei 225,-0.4,472.27,Neutral,Construction,Medium
New regulations on cryptocurrencies cause a market dip,Unemployment Rate Announcement,NSE Nifty,4.08,306.55,Positive,Pharmaceuticals,Medium
New IPO for a popular software firm is oversubscribed,Bond Market Fluctuation,Russell 2000,-0.11499999999999999,313.38,Neutral,Telecommunications,High
Government subsidy program gives a lift to the agriculture sector,Cryptocurrency Regulation,Russell 2000,-4.8,40.04,Unknown,Automotive,High
Banking stocks dip after a major scandal is revealed,Major Merger/Acquisition,Shanghai Composite,4.08,159.37,Neutral,Energy,High
Nikkei 225 index benefits from a weaker yen,Corporate Earnings Report,CAC 40,1.34,293.19,Unknown,Materials,Low
Major oil spill sends energy stocks plummeting,Supply Chain Disruption,KOSPI,2.6,313.86,Positive,Real Estate,Low
Quarterly report shows surprising losses for retail giants,Inflation Data Release,Shanghai Composite,2.44,68.82,Negative,Real Estate,High
Federal Reserve Chairman's speech causes market volatility,Inflation Data Release,BSE Sensex,-2.35,267.42,Positive,Finance,Medium
Supply chain issues impact manufacturing sector earnings,Regulatory Changes,TSX,2.12,166.14,Negative,Energy,High
Geopolitical ceasefire prompts a broad market recovery,IPO Launch,TSX,1.55,132.95,Positive,Retail,Low
Real Estate sector shows signs of overheating as interest rates fall,Government Policy Announcement,Hang Seng,-2.03,484.58,Positive,Energy,High
Quarterly report shows surprising losses for retail giants,Commodity Price Shock,Euro Stoxx 50,0.57,450.66,Neutral,Industrials,High
Crude oil prices drop to a multi-year low,Interest Rate Change,Shanghai Composite,-1.04,175.61,Negative,Construction,High
Utilities sector remains stable during market fluctuations,Corporate Earnings Report,DAX,-4.28,72.15,Positive,Energy,High
Merger talks between two banks fall through,Major Merger/Acquisition,CAC 40,-3.97,313.28,Negative,Transportation,Low
New housing data release shows a slowdown in market activity,Trade Tariffs Announcement,KOSPI,1.98,154.54,Negative,Agriculture,Low
Central Bank Governor signals potential shift in policy,Bond Market Fluctuation,TSX,-2.11,454.66,Neutral,Energy,Low
Government subsidy program gives a lift to the agriculture sector,Supply Chain Disruption,S&P 500,2.83,348.89,Neutral,Materials,Low
Automotive industry faces headwinds from rising material costs,Central Bank Meeting,Hang Seng,1.51,433.87,Positive,Materials,Medium
Gold prices surge as investors flee riskier assets,IPO Launch,S&P/TSX Composite,-1.55,218.14,Positive,Telecommunications,Medium
New IPO for a popular software firm is oversubscribed,Corporate Earnings Report,NSE Nifty,4.6,439.13,Positive,Retail,Medium
Energy company's dividend hike excites shareholders,Inflation Data Release,CAC 40,2.64,390.22,Neutral,Pharmaceuticals,Medium
Automotive industry faces headwinds from rising material costs,Inflation Data Release,Euro Stoxx 50,3.03,215.44,Neutral,Industrials,High
New housing data release shows a slowdown in market activity,Unemployment Rate Announcement,S&P/TSX Composite,-4.46,416.85,Neutral,Media & Entertainment,Medium
Major oil spill sends energy stocks plummeting,Supply Chain Disruption,ASX 200,4.27,189.08,Positive,Industrials,Low
Gold prices surge as investors flee riskier assets,Market Rally,S&P 500,0.86,213.44,Neutral,Technology,High
Quarterly report shows surprising losses for retail giants,Stock Market Crash,NSE Nifty,-1.28,159.31,Neutral,Pharmaceuticals,Medium
Aerospace and Defense sector sees rally amid geopolitical tensions,IPO Launch,Russell 2000,1.29,361.22,Neutral,Transportation,Medium
Aerospace and Defense sector sees rally amid geopolitical tensions,Interest Rate Change,DAX,-3.58,152.53,Neutral,Real Estate,High
Retail sales report surpasses all forecasts,Supply Chain Disruption,FTSE 100,4.57,269.87,Positive,Energy,Medium
Bond yields tumble as investors seek safe havens,IPO Launch,IBOVESPA,3.72,386.76,Positive,Technology,Medium
Semiconductor shortages weigh heavily on tech sector profits,Central Bank Meeting,Euro Stoxx 50,-0.47,320.28,Neutral,Media & Entertainment,Low
Massive stock buyback program announced by a consumer goods company,Cryptocurrency Regulation,Euro Stoxx 50,-0.11499999999999999,13.25,Neutral,Consumer Goods,Medium
Media and Entertainment companies report a surge in streaming revenue,Currency Devaluation,Nikkei 225,-2.87,333.93,Neutral,Transportation,Low
Financial services stocks rally on strong profit margins,Geopolitical Event,KOSPI,-0.96,52.28,Neutral,Transportation,Medium
Consumer Discretionary stocks outperform as spending increases,Corporate Earnings Report,Dow Jones,4.65,69.84,Positive,Agriculture,Medium
Media and Entertainment companies report a surge in streaming revenue,Regulatory Changes,Russell 2000,3.97,261.9,Neutral,Agriculture,Medium
A massive data breach sends a tech company's stock tumbling,Commodity Price Shock,Russell 2000,1.8,39.13,Neutral,Media & Entertainment,Medium
Aerospace and Defense sector sees rally amid geopolitical tensions,Geopolitical Event,KOSPI,-3.23,61.46,Positive,Finance,High
Utilities sector remains stable during market fluctuations,Government Policy Announcement,FTSE 100,-0.08,202.7,Negative,Industrials,Medium
Crude oil prices drop to a multi-year low,Cryptocurrency Regulation,Dow Jones,1.12,90.64,Unknown,Industrials,Medium
UK's FTSE 100 sees a boost from favorable trade data,IPO Launch,S&P 500,-3.61,489.25,Neutral,Technology,Medium
China's Shanghai Composite falls after new trade restrictions,Central Bank Meeting,NSE Nifty,-2.73,357.8,Positive,Aerospace & Defense,Medium
Pharmaceutical company's drug approval drives stock upward,Consumer Confidence Report,Dow Jones,1.13,217.73,Neutral,Construction,High
New regulations on cryptocurrencies cause a market dip,Major Merger/Acquisition,NSE Nifty,3.3,484.19,Negative,Materials,Low
Healthcare stocks gain on robust demand and strong outlook,Trade Tariffs Announcement,Nasdaq Composite,3.71,174.03,Neutral,Energy,High
Real Estate sector shows signs of overheating as interest rates fall,Market Rally,Russell 2000,-3.57,67.76,Negative,Media & Entertainment,High
Financial sector bracing for new capital requirements,Inflation Data Release,TSX,1.72,149.36,Neutral,Technology,Medium
Major technology firm acquires a smaller rival in a multi-billion dollar deal,Stock Market Crash,S&P/TSX Composite,-2.14,1.41,Neutral,Healthcare,High
Dow Jones plunges as market fears recession,Currency Devaluation,Nikkei 225,-4.36,306.92,Negative,Healthcare,High
Central Bank's dovish tone hints at future rate cuts,Stock Market Crash,KOSPI,-1.34,229.28,Negative,Energy,High
Nikkei 225 index benefits from a weaker yen,Major Merger/Acquisition,IBOVESPA,-4.17,217.45,Positive,Pharmaceuticals,Low
Bond yields tumble as investors seek safe havens,Supply Chain Disruption,Nasdaq Composite,-1.73,124.71,Neutral,Industrials,High
Major oil spill sends energy stocks plummeting,Trade Tariffs Announcement,TSX,-3.89,237.9,Negative,Aerospace & Defense,Medium
Nikkei 225 index benefits from a weaker yen,Government Policy Announcement,DAX,-1.67,242.03,Negative,Energy,Medium
Consumer confidence index reaches a decade high,Central Bank Meeting,Hang Seng,-4.11,433.56,Negative,Materials,High
Merger talks between two banks fall through,Currency Devaluation,S&P 500,2.35,250.07,Neutral,Technology,Medium
Unexpected rise in unemployment fuels market pessimism,Economic Data Release,CAC 40,2.73,403.58,Neutral,Construction,High
Massive stock buyback program announced by a consumer goods company,Consumer Confidence Report,KOSPI,-0.77,99.72,Neutral,Media & Entertainment,Low
Mining company stock surges on commodity price boom,Market Rally,TSX,1.13,486.99,Negative,Aerospace & Defense,Low
Central bank maintains status quo on interest rates,Geopolitical Event,Euro Stoxx 50,-0.23,257.56,Neutral,Retail,Medium
Utilities sector remains stable during market fluctuations,Consumer Confidence Report,Nasdaq Composite,-1.82,423.17,Neutral,Energy,Medium
Government spending bill is expected to stimulate the economy,Corporate Earnings Report,Euro Stoxx 50,-1.76,356.69,Positive,Industrials,Medium
Consumer confidence index reaches a decade high,Bond Market Fluctuation,ASX 200,-0.28,239.26,Positive,Media & Entertainment,Low
Semiconductor shortages weigh heavily on tech sector profits,Consumer Confidence Report,CAC 40,0.49,302.16,Positive,Pharmaceuticals,Medium
Consumer Discretionary stocks outperform as spending increases,Commodity Price Shock,S&P/TSX Composite,4.3,185.41,Positive,Utilities,Medium
Major oil spill sends energy stocks plummeting,Supply Chain Disruption,Dow Jones,2.63,122.02,Unknown,Utilities,Medium
Bond yields tumble as investors seek safe havens,Government Policy Announcement,S&P 500,0.02,427.93,Neutral,Transportation,High
Supply chain issues impact manufacturing sector earnings,Supply Chain Disruption,Dow Jones,2.05,69.27,Positive,Finance,Low
New IPO for a popular software firm is oversubscribed,Regulatory Changes,BSE Sensex,3.0,274.07,Positive,Pharmaceuticals,Medium
Supply chain issues impact manufacturing sector earnings,Trade Tariffs Announcement,IBOVESPA,-3.85,48.09,Positive,Transportation,Low
Mining company stock surges on commodity price boom,Major Merger/Acquisition,Dow Jones,-1.55,300.22,Positive,Technology,High
Record-high inflation data rattles investors,Inflation Data Release,S&P 500,1.28,21.67,Positive,Real Estate,Medium
Record-high inflation data rattles investors,Commodity Price Shock,IBOVESPA,-4.25,261.38,Negative,Transportation,High
Supply chain issues impact manufacturing sector earnings,Stock Market Crash,Nikkei 225,4.13,57.89,Negative,Technology,Low
Semiconductor shortages weigh heavily on tech sector profits,IPO Launch,TSX,-2.03,154.89,Negative,Healthcare,High
Supply chain issues impact manufacturing sector earnings,Stock Market Crash,Dow Jones,3.79,236.72,Negative,Media & Entertainment,Medium
Aerospace and Defense sector sees rally amid geopolitical tensions,Currency Devaluation,DAX,4.58,40.74,Neutral,Telecommunications,High
Nikkei 225 index benefits from a weaker yen,Central Bank Meeting,Nasdaq Composite,-4.75,90.72,Neutral,Aerospace & Defense,Medium
Mining company stock surges on commodity price boom,IPO Launch,S&P 500,-3.06,216.68,Neutral,Telecommunications,High
Central Bank's dovish tone hints at future rate cuts,Regulatory Changes,ASX 200,3.62,100.07,Neutral,Telecommunications,High
Utilities sector remains stable during market fluctuations,Interest Rate Change,CAC 40,2.09,57.07,Negative,Healthcare,High
Consumer Discretionary stocks outperform as spending increases,Cryptocurrency Regulation,S&P 500,-3.62,29.34,Neutral,Utilities,High
Major technology firm acquires a smaller rival in a multi-billion dollar deal,Unemployment Rate Announcement,CAC 40,1.34,411.79,Neutral,Media & Entertainment,Low
E-commerce earnings report beats all analyst expectations,Stock Market Crash,Russell 2000,-0.35,455.71,Negative,Pharmaceuticals,Medium
Central bank maintains status quo on interest rates,Trade Tariffs Announcement,Dow Jones,0.79,423.64,Positive,Transportation,Medium
Government spending bill is expected to stimulate the economy,Commodity Price Shock,CAC 40,-2.74,460.8,Negative,Media & Entertainment,Medium
"Global trade talks collapse, causing market turmoil",Stock Market Crash,NSE Nifty,-0.4,423.33,Negative,Energy,Medium
Healthcare stocks gain on robust demand and strong outlook,Central Bank Meeting,Hang Seng,2.37,106.53,Neutral,Technology,Low
Automotive industry faces headwinds from rising material costs,Cryptocurrency Regulation,Nasdaq Composite,-1.43,259.55,Positive,Agriculture,Low
Quarterly report shows surprising losses for retail giants,Interest Rate Change,TSX,0.01,312.71,Neutral,Automotive,High
Gold prices surge as investors flee riskier assets,Commodity Price Shock,S&P/TSX Composite,-4.39,487.38,Neutral,Agriculture,Medium
Financial services stocks rally on strong profit margins,Central Bank Meeting,S&P 500,2.45,434.21,Positive,Pharmaceuticals,Low
Manufacturing PMI data signals economic expansion,Market Rally,TSX,-0.55,58.52,Negative,Consumer Goods,Medium
Major technology firm acquires a smaller rival in a multi-billion dollar deal,Corporate Earnings Report,NSE Nifty,0.2,378.26,Positive,Construction,High
Aerospace and Defense sector sees rally amid geopolitical tensions,Interest Rate Change,IBOVESPA,3.86,253.76,Neutral,Aerospace & Defense,High
ASX 200 gains on strong export performance,Corporate Earnings Report,KOSPI,3.59,441.76,Neutral,Agriculture,Medium
Government subsidy program gives a lift to the agriculture sector,Stock Market Crash,DAX,-0.3,481.52,Negative,Media & Entertainment,Medium
Financial services stocks rally on strong profit margins,Currency Devaluation,IBOVESPA,-4.38,39.7,Positive,Energy,High
Tech Giant's New Product Launch Sparks Sector-Wide Gains,Central Bank Meeting,Dow Jones,-3.93,484.2,Neutral,Aerospace & Defense,Low
Gold prices surge as investors flee riskier assets,Government Policy Announcement,Nikkei 225,-0.11499999999999999,114.3,Negative,Consumer Goods,Low
Major oil spill sends energy stocks plummeting,Market Rally,IBOVESPA,0.6,311.53,Positive,Utilities,Medium
Market braces for a major policy announcement from the EU,Currency Devaluation,ASX 200,-4.38,71.88,Neutral,Finance,Medium
Crude oil prices drop to a multi-year low,Inflation Data Release,KOSPI,2.34,20.42,Neutral,Aerospace & Defense,Low
Financial sector bracing for new capital requirements,Market Rally,Shanghai Composite,4.72,154.67,Positive,Aerospace & Defense,Medium
Banking stocks dip after a major scandal is revealed,Unemployment Rate Announcement,FTSE 100,1.62,358.29,Neutral,Energy,Low
Automotive industry faces headwinds from rising material costs,Economic Data Release,TSX,-1.27,426.84,Positive,Pharmaceuticals,High
Healthcare stocks gain on robust demand and strong outlook,Major Merger/Acquisition,TSX,-1.09,498.08,Negative,Consumer Goods,Medium
Manufacturing PMI data signals economic expansion,Economic Data Release,ASX 200,-1.65,219.14,Neutral,Pharmaceuticals,Medium
Consumer confidence index reaches a decade high,Bond Market Fluctuation,ASX 200,-0.11499999999999999,416.71,Positive,Industrials,Medium
Media and Entertainment companies report a surge in streaming revenue,Supply Chain Disruption,Nikkei 225,-1.24,45.65,Positive,Construction,High
Semiconductor shortages weigh heavily on tech sector profits,Stock Market Crash,S&P/TSX Composite,-4.22,464.47,Negative,Construction,High
China's Shanghai Composite falls after new trade restrictions,Major Merger/Acquisition,Nasdaq Composite,1.96,96.3,Negative,Agriculture,High
Unexpected rise in unemployment fuels market pessimism,Major Merger/Acquisition,IBOVESPA,-0.11499999999999999,100.84,Negative,Aerospace & Defense,Medium
Nikkei 225 index benefits from a weaker yen,Supply Chain Disruption,CAC 40,-1.47,454.01,Positive,Media & Entertainment,Medium
Healthcare stocks gain on robust demand and strong outlook,Inflation Data Release,S&P/TSX Composite,-1.1,425.07,Unknown,Transportation,High
New regulations on cryptocurrencies cause a market dip,Cryptocurrency Regulation,BSE Sensex,-0.11499999999999999,41.03,Positive,Healthcare,Low
Record-high inflation data rattles investors,Central Bank Meeting,Russell 2000,1.5,43.94,Positive,Industrials,Low
Real Estate sector shows signs of overheating as interest rates fall,Economic Data Release,BSE Sensex,-4.68,405.11,Neutral,Construction,High
Gold prices surge as investors flee riskier assets,Stock Market Crash,Dow Jones,0.21,151.56,Neutral,Materials,Medium
Central Bank Governor signals potential shift in policy,Unemployment Rate Announcement,Shanghai Composite,0.96,210.56,Negative,Real Estate,Medium
China's Shanghai Composite falls after new trade restrictions,IPO Launch,Shanghai Composite,-3.73,389.92,Negative,Pharmaceuticals,Low
A massive data breach sends a tech company's stock tumbling,Commodity Price Shock,Nikkei 225,1.02,408.58,Positive,Real Estate,Low
Financial services stocks rally on strong profit margins,Inflation Data Release,KOSPI,1.03,486.58,Positive,Pharmaceuticals,Low
Government policy shift boosts renewable energy sector,Regulatory Changes,Shanghai Composite,-2.48,167.01,Positive,Materials,High
Supply chain issues impact manufacturing sector earnings,Government Policy Announcement,Nikkei 225,-0.93,114.56,Positive,Energy,Low
Real Estate sector shows signs of overheating as interest rates fall,Consumer Confidence Report,S&P 500,-0.92,315.27,Negative,Healthcare,Medium
Geopolitical ceasefire prompts a broad market recovery,Trade Tariffs Announcement,S&P/TSX Composite,3.78,309.67,Positive,Finance,Medium
Government spending bill is expected to stimulate the economy,IPO Launch,S&P/TSX Composite,-4.97,468.51,Positive,Construction,Medium
Utilities sector remains stable during market fluctuations,Market Rally,KOSPI,-0.83,313.21,Positive,Materials,Medium
Banking stocks dip after a major scandal is revealed,Central Bank Meeting,IBOVESPA,-0.03,211.73,Negative,Retail,Low
Retail sales report surpasses all forecasts,Inflation Data Release,Nasdaq Composite,2.17,152.21,Negative,Transportation,Low
Federal Reserve Chairman's speech causes market volatility,Currency Devaluation,KOSPI,3.9,293.81,Neutral,Media & Entertainment,Medium
Manufacturing PMI data signals economic expansion,Regulatory Changes,TSX,-0.11499999999999999,438.12,Unknown,Technology,High
Real Estate sector shows signs of overheating as interest rates fall,Bond Market Fluctuation,S&P 500,-1.32,468.55,Neutral,Energy,Medium
Manufacturing PMI data signals economic expansion,Consumer Confidence Report,FTSE 100,-0.11499999999999999,373.98,Positive,Construction,Low
Gold prices surge as investors flee riskier assets,Inflation Data Release,Euro Stoxx 50,-1.05,41.5,Unknown,Industrials,Medium
Consumer Discretionary stocks outperform as spending increases,Corporate Earnings Report,Nasdaq Composite,-2.75,212.41,Negative,Healthcare,High
New housing data release shows a slowdown in market activity,Unemployment Rate Announcement,BSE Sensex,0.55,276.21,Positive,Agriculture,Medium
New housing data release shows a slowdown in market activity,Supply Chain Disruption,ASX 200,-1.32,271.52,Positive,Telecommunications,Low
Government spending bill is expected to stimulate the economy,Currency Devaluation,TSX,-4.98,223.04,Positive,Construction,Low
Unexpected rise in unemployment fuels market pessimism,Inflation Data Release,FTSE 100,1.03,316.72,Positive,Healthcare,Medium
Federal Reserve Chairman's speech causes market volatility,Interest Rate Change,S&P 500,-2.94,459.12,Positive,Materials,Medium
Tech Giant's New Product Launch Sparks Sector-Wide Gains,Corporate Earnings Report,KOSPI,-3.48,271.62,Neutral,Telecommunications,Low
Energy company's dividend hike excites shareholders,Consumer Confidence Report,Dow Jones,-2.64,461.4,Positive,Pharmaceuticals,High
Crude oil prices drop to a multi-year low,Regulatory Changes,KOSPI,2.12,188.15,Neutral,Pharmaceuticals,Medium
UK's FTSE 100 sees a boost from favorable trade data,Central Bank Meeting,CAC 40,-0.11499999999999999,281.6,Neutral,Utilities,Low
Manufacturing PMI data signals economic expansion,Central Bank Meeting,IBOVESPA,-3.95,498.21,Positive,Utilities,High
Major technology firm acquires a smaller rival in a multi-billion dollar deal,Consumer Confidence Report,KOSPI,1.0,249.31,Neutral,Real Estate,High
A massive data breach sends a tech company's stock tumbling,Stock Market Crash,Nasdaq Composite,2.21,68.4,Unknown,Energy,Medium
Consumer confidence index reaches a decade high,Central Bank Meeting,FTSE 100,0.38,335.2,Positive,Transportation,High
New housing data release shows a slowdown in market activity,Bond Market Fluctuation,FTSE 100,0.22,253.25,Negative,Pharmaceuticals,Medium
Consumer Discretionary stocks outperform as spending increases,Supply Chain Disruption,Hang Seng,-3.53,450.1,Negative,Utilities,High
Record-high inflation data rattles investors,Geopolitical Event,BSE Sensex,3.34,406.63,Positive,Utilities,Medium
A massive data breach sends a tech company's stock tumbling,Interest Rate Change,KOSPI,4.85,36.23,Neutral,Retail,Medium
Government policy shift boosts renewable energy sector,Interest Rate Change,NSE Nifty,3.55,374.34,Neutral,Automotive,Medium
Real Estate sector shows signs of overheating as interest rates fall,Market Rally,FTSE 100,-0.11499999999999999,383.78,Positive,Retail,Low
Banking stocks dip after a major scandal is revealed,Market Rally,Nikkei 225,-2.55,470.97,Positive,Technology,High
Merger talks between two banks fall through,Bond Market Fluctuation,Shanghai Composite,2.55,430.53,Neutral,Healthcare,Medium
New regulations on cryptocurrencies cause a market dip,Geopolitical Event,Shanghai Composite,2.7,179.59,Neutral,Industrials,Low
Major technology firm acquires a smaller rival in a multi-billion dollar deal,Corporate Earnings Report,Nikkei 225,1.94,128.69,Neutral,Energy,High
Utilities sector remains stable during market fluctuations,Commodity Price Shock,S&P/TSX Composite,-1.01,306.89,Unknown,Aerospace & Defense,Medium
Government subsidy program gives a lift to the agriculture sector,Inflation Data Release,IBOVESPA,-0.23,206.46,Negative,Utilities,Low
Crude oil prices drop to a multi-year low,Supply Chain Disruption,IBOVESPA,-3.13,450.52,Negative,Transportation,High
Central Bank Governor signals potential shift in policy,Regulatory Changes,BSE Sensex,4.6,177.54,Positive,Healthcare,Low
Financial services stocks rally on strong profit margins,IPO Launch,Dow Jones,-0.26,122.7,Neutral,Consumer Goods,High
Government spending bill is expected to stimulate the economy,Currency Devaluation,S&P/TSX Composite,0.5,458.52,Unknown,Media & Entertainment,Medium
Bond yields tumble as investors seek safe havens,Corporate Earnings Report,Nikkei 225,-2.14,324.18,Neutral,Materials,Medium
Market braces for a major policy announcement from the EU,Currency Devaluation,FTSE 100,1.54,360.05,Neutral,Retail,Low
Government spending bill is expected to stimulate the economy,Interest Rate Change,Euro Stoxx 50,0.43,84.41,Unknown,Agriculture,High
Retail sales report surpasses all forecasts,Commodity Price Shock,BSE Sensex,3.05,392.94,Positive,Automotive,Low
Semiconductor shortages weigh heavily on tech sector profits,Currency Devaluation,FTSE 100,-1.98,33.57,Positive,Agriculture,Low
Crude oil prices drop to a multi-year low,Trade Tariffs Announcement,Nasdaq Composite,4.86,294.33,Negative,Pharmaceuticals,Medium
Energy company's dividend hike excites shareholders,Cryptocurrency Regulation,Shanghai Composite,-0.11499999999999999,130.14,Positive,Aerospace & Defense,Low
Supply chain issues impact manufacturing sector earnings,Trade Tariffs Announcement,BSE Sensex,2.8,428.79,Neutral,Industrials,Low
China's Shanghai Composite falls after new trade restrictions,Regulatory Changes,IBOVESPA,-3.24,278.08,Neutral,Materials,High
Major oil spill sends energy stocks plummeting,Supply Chain Disruption,ASX 200,-2.64,262.69,Unknown,Agriculture,Low
Semiconductor shortages weigh heavily on tech sector profits,Central Bank Meeting,NSE Nifty,4.17,395.38,Negative,Retail,Medium
A massive data breach sends a tech company's stock tumbling,Interest Rate Change,CAC 40,-2.89,417.06,Neutral,Media & Entertainment,Medium
Dow Jones plunges as market fears recession,Regulatory Changes,DAX,4.09,108.39,Positive,Energy,Medium
Central bank maintains status quo on interest rates,Bond Market Fluctuation,Euro Stoxx 50,-0.11499999999999999,415.48,Negative,Technology,High
Crude oil prices drop to a multi-year low,Interest Rate Change,Nasdaq Composite,3.32,31.1,Positive,Real Estate,High
Consumer confidence index reaches a decade high,Regulatory Changes,Russell 2000,3.88,145.19,Neutral,Technology,Low
Quarterly report shows surprising losses for retail giants,IPO Launch,Hang Seng,-0.9,380.66,Positive,Aerospace & Defense,Low
Energy company's dividend hike excites shareholders,Regulatory Changes,S&P/TSX Composite,-4.9,9.06,Positive,Transportation,Low
Manufacturing PMI data signals economic expansion,Cryptocurrency Regulation,TSX,1.03,113.08,Neutral,Aerospace & Defense,High
Automotive industry faces headwinds from rising material costs,Interest Rate Change,BSE Sensex,4.79,130.48,Positive,Pharmaceuticals,Medium
"Global trade talks collapse, causing market turmoil",Bond Market Fluctuation,Russell 2000,-0.2,117.74,Positive,Consumer Goods,Medium
Dow Jones plunges as market fears recession,Government Policy Announcement,DAX,3.63,315.79,Negative,Aerospace & Defense,Medium
Consumer confidence index reaches a decade high,Regulatory Changes,Nasdaq Composite,-3.73,365.03,Neutral,Healthcare,Low
Financial services stocks rally on strong profit margins,Market Rally,CAC 40,-3.23,133.32,Negative,Transportation,High
Automotive industry faces headwinds from rising material costs,Trade Tariffs Announcement,Shanghai Composite,1.84,398.67,Neutral,Automotive,Medium
Tech Giant's New Product Launch Sparks Sector-Wide Gains,Currency Devaluation,Euro Stoxx 50,-3.5,104.12,Negative,Construction,Low
Bond yields tumble as investors seek safe havens,Trade Tariffs Announcement,Nikkei 225,-2.69,16.51,Unknown,Construction,Low
Consumer confidence index reaches a decade high,Stock Market Crash,Shanghai Composite,4.87,379.21,Positive,Agriculture,High
Media and Entertainment companies report a surge in streaming revenue,Economic Data Release,ASX 200,3.13,229.39,Positive,Construction,Low
Geopolitical ceasefire prompts a broad market recovery,Unemployment Rate Announcement,ASX 200,-1.13,316.98,Negative,Media & Entertainment,High
"Global trade talks collapse, causing market turmoil",Geopolitical Event,Dow Jones,-0.83,476.8,Neutral,Utilities,High
Financial sector bracing for new capital requirements,Bond Market Fluctuation,Euro Stoxx 50,-1.83,487.1,Negative,Materials,Medium
Semiconductor shortages weigh heavily on tech sector profits,Major Merger/Acquisition,TSX,0.19,489.7,Positive,Telecommunications,Medium
Energy company's dividend hike excites shareholders,Government Policy Announcement,TSX,2.24,118.73,Positive,Aerospace & Defense,Medium
Record-high inflation data rattles investors,Regulatory Changes,Nikkei 225,-3.24,223.54,Positive,Transportation,High
New regulations on cryptocurrencies cause a market dip,IPO Launch,NSE Nifty,-1.23,421.3,Positive,Utilities,Low
Consumer confidence index reaches a decade high,Commodity Price Shock,TSX,-0.46,323.18,Neutral,Real Estate,Medium
A massive data breach sends a tech company's stock tumbling,Consumer Confidence Report,Dow Jones,-2.77,137.56,Positive,Utilities,Medium
Pharmaceutical company's drug approval drives stock upward,Regulatory Changes,Shanghai Composite,1.72,342.98,Negative,Retail,Low
Financial sector bracing for new capital requirements,Commodity Price Shock,Nasdaq Composite,-0.29,3.12,Neutral,Healthcare,Low
Market sentiment turns positive on vaccine trial results,Regulatory Changes,Russell 2000,3.42,223.9,Neutral,Automotive,Medium
ASX 200 gains on strong export performance,IPO Launch,KOSPI,-0.92,86.41,Negative,Aerospace & Defense,Medium
A massive data breach sends a tech company's stock tumbling,Supply Chain Disruption,NSE Nifty,4.22,79.58,Positive,Consumer Goods,Medium
Geopolitical ceasefire prompts a broad market recovery,Economic Data Release,Shanghai Composite,1.58,174.69,Negative,Finance,Medium
Gold prices surge as investors flee riskier assets,Regulatory Changes,NSE Nifty,4.13,183.12,Negative,Transportation,High
Unexpected rise in unemployment fuels market pessimism,Bond Market Fluctuation,Nasdaq Composite,3.99,157.17,Positive,Agriculture,High
New IPO for a popular software firm is oversubscribed,Stock Market Crash,Nikkei 225,-4.88,304.61,Negative,Construction,Low
Government subsidy program gives a lift to the agriculture sector,Geopolitical Event,Hang Seng,-0.96,303.6,Neutral,Agriculture,High
Unexpected rise in unemployment fuels market pessimism,Stock Market Crash,NSE Nifty,3.23,342.96,Negative,Materials,High
New IPO for a popular software firm is oversubscribed,Trade Tariffs Announcement,S&P/TSX Composite,0.1,118.73,Positive,Construction,Medium
Utilities sector remains stable during market fluctuations,Bond Market Fluctuation,TSX,2.05,41.78,Neutral,Real Estate,Medium
Retail sales report surpasses all forecasts,Geopolitical Event,Hang Seng,3.22,96.18,Neutral,Healthcare,High
Unexpected rise in unemployment fuels market pessimism,Major Merger/Acquisition,Dow Jones,3.08,21.17,Negative,Utilities,Low
Record-high inflation data rattles investors,Corporate Earnings Report,S&P 500,4.24,374.38,Neutral,Energy,Low
Major technology firm acquires a smaller rival in a multi-billion dollar deal,Central Bank Meeting,Dow Jones,1.97,306.39,Positive,Consumer Goods,High
Major oil spill sends energy stocks plummeting,Currency Devaluation,Shanghai Composite,-4.16,99.6,Neutral,Consumer Goods,Low
Government subsidy program gives a lift to the agriculture sector,Corporate Earnings Report,FTSE 100,3.33,336.14,Positive,Telecommunications,Low
Quarterly report shows surprising losses for retail giants,Inflation Data Release,DAX,2.62,383.81,Positive,Consumer Goods,High
New housing data release shows a slowdown in market activity,Currency Devaluation,Dow Jones,0.51,226.72,Positive,Telecommunications,Medium
Major technology firm acquires a smaller rival in a multi-billion dollar deal,Currency Devaluation,DAX,3.58,469.67,Negative,Automotive,Low
Federal Reserve Chairman's speech causes market volatility,Government Policy Announcement,Euro Stoxx 50,-3.92,433.52,Negative,Agriculture,Low
Banking stocks dip after a major scandal is revealed,IPO Launch,NSE Nifty,4.59,155.71,Positive,Aerospace & Defense,Low
Manufacturing PMI data signals economic expansion,Corporate Earnings Report,Dow Jones,-3.54,178.31,Negative,Healthcare,Medium
Crude oil prices drop to a multi-year low,Trade Tariffs Announcement,Nikkei 225,-0.65,339.09,Neutral,Transportation,Low
UK's FTSE 100 sees a boost from favorable trade data,Bond Market Fluctuation,S&P/TSX Composite,3.55,246.84,Negative,Finance,Medium
Government spending bill is expected to stimulate the economy,Market Rally,KOSPI,2.37,407.11,Positive,Healthcare,Medium
Central Bank Governor signals potential shift in policy,Economic Data Release,BSE Sensex,4.1,47.35,Negative,Retail,Low
Aerospace and Defense sector sees rally amid geopolitical tensions,Government Policy Announcement,TSX,-0.12,280.58,Negative,Agriculture,Low
Bond yields tumble as investors seek safe havens,Cryptocurrency Regulation,FTSE 100,-4.83,299.13,Neutral,Technology,Medium
Manufacturing PMI data signals economic expansion,Central Bank Meeting,Euro Stoxx 50,-3.44,103.19,Positive,Technology,High
Market braces for a major policy announcement from the EU,Major Merger/Acquisition,Russell 2000,-2.01,141.94,Negative,Automotive,Medium
New regulations on cryptocurrencies cause a market dip,Commodity Price Shock,CAC 40,4.4,261.9,Neutral,Construction,Low
ASX 200 gains on strong export performance,Market Rally,Hang Seng,-2.6,275.76,Negative,Finance,Medium
Semiconductor shortages weigh heavily on tech sector profits,Bond Market Fluctuation,Hang Seng,-0.11499999999999999,386.81,Neutral,Consumer Goods,High
Consumer confidence index reaches a decade high,Cryptocurrency Regulation,NSE Nifty,0.35,113.41,Negative,Retail,Medium
Market sentiment turns positive on vaccine trial results,Currency Devaluation,S&P/TSX Composite,4.68,418.84,Negative,Industrials,Low
Massive stock buyback program announced by a consumer goods company,Market Rally,Nasdaq Composite,3.6,417.3,Negative,Consumer Goods,Low
"Global trade talks collapse, causing market turmoil",Central Bank Meeting,S&P 500,-4.06,352.54,Negative,Consumer Goods,High
Dow Jones plunges as market fears recession,Economic Data Release,Nasdaq Composite,-0.11499999999999999,320.13,Positive,Media & Entertainment,High
Dow Jones plunges as market fears recession,Central Bank Meeting,S&P/TSX Composite,4.36,128.03,Neutral,Healthcare,Low
Real Estate sector shows signs of overheating as interest rates fall,Cryptocurrency Regulation,TSX,-1.0,160.93,Neutral,Healthcare,Medium
Unexpected rise in unemployment fuels market pessimism,Commodity Price Shock,Nikkei 225,1.42,176.99,Positive,Real Estate,Medium
Market braces for a major policy announcement from the EU,Economic Data Release,DAX,3.24,12.2,Negative,Utilities,Medium
Market braces for a major policy announcement from the EU,Regulatory Changes,CAC 40,-3.2,19.84,Neutral,Real Estate,Low
A massive data breach sends a tech company's stock tumbling,Major Merger/Acquisition,S&P/TSX Composite,-4.65,158.67,Neutral,Materials,Medium
China's Shanghai Composite falls after new trade restrictions,Inflation Data Release,CAC 40,-2.23,120.02,Neutral,Materials,High
Government spending bill is expected to stimulate the economy,Trade Tariffs Announcement,Dow Jones,3.69,422.06,Positive,Real Estate,Low
UK's FTSE 100 sees a boost from favorable trade data,Corporate Earnings Report,IBOVESPA,-1.21,114.21,Neutral,Utilities,Medium
Government spending bill is expected to stimulate the economy,Economic Data Release,Shanghai Composite,-1.17,165.1,Negative,Consumer Goods,Low
New IPO for a popular software firm is oversubscribed,Commodity Price Shock,Dow Jones,-0.11499999999999999,455.86,Positive,Materials,Medium
Central bank maintains status quo on interest rates,Major Merger/Acquisition,NSE Nifty,-0.11499999999999999,421.17,Positive,Aerospace & Defense,Medium
Market braces for a major policy announcement from the EU,Currency Devaluation,TSX,-3.56,263.47,Neutral,Transportation,High
Major oil spill sends energy stocks plummeting,Consumer Confidence Report,Dow Jones,-2.04,384.22,Negative,Consumer Goods,Medium
Retail sales report surpasses all forecasts,IPO Launch,Dow Jones,-1.6,195.39,Negative,Transportation,Low
Quarterly report shows surprising losses for retail giants,Economic Data Release,Euro Stoxx 50,4.88,187.21,Negative,Real Estate,Medium
Federal Reserve Chairman's speech causes market volatility,Unemployment Rate Announcement,ASX 200,4.37,357.88,Neutral,Pharmaceuticals,Low
Supply chain issues impact manufacturing sector earnings,Bond Market Fluctuation,S&P/TSX Composite,-0.11499999999999999,164.67,Neutral,Retail,Medium
Healthcare stocks gain on robust demand and strong outlook,Government Policy Announcement,FTSE 100,2.88,331.13,Negative,Consumer Goods,Medium
"Global trade talks collapse, causing market turmoil",IPO Launch,KOSPI,-2.68,156.67,Positive,Transportation,Low
Manufacturing PMI data signals economic expansion,Economic Data Release,Euro Stoxx 50,-0.21,257.57,Positive,Transportation,High
Quarterly report shows surprising losses for retail giants,IPO Launch,S&P 500,1.59,107.02,Neutral,Finance,Low
Financial sector bracing for new capital requirements,Commodity Price Shock,IBOVESPA,1.15,257.23,Negative,Materials,Low
UK's FTSE 100 sees a boost from favorable trade data,IPO Launch,CAC 40,0.25,386.96,Negative,Retail,Low
Retail sales report surpasses all forecasts,Inflation Data Release,NSE Nifty,3.42,48.36,Positive,Automotive,Low
Aerospace and Defense sector sees rally amid geopolitical tensions,Corporate Earnings Report,FTSE 100,-3.82,64.13,Neutral,Materials,High
Real Estate sector shows signs of overheating as interest rates fall,Major Merger/Acquisition,Nasdaq Composite,-3.8,49.87,Positive,Aerospace & Defense,High
Central Bank's dovish tone hints at future rate cuts,Cryptocurrency Regulation,Russell 2000,-1.16,354.83,Positive,Retail,Medium
Utilities sector remains stable during market fluctuations,Market Rally,S&P 500,0.17,410.39,Unknown,Pharmaceuticals,High
Market sentiment turns positive on vaccine trial results,Currency Devaluation,BSE Sensex,-2.78,36.2,Positive,Healthcare,Medium
ASX 200 gains on strong export performance,Market Rally,BSE Sensex,-2.14,273.97,Negative,Transportation,High
A massive data breach sends a tech company's stock tumbling,Market Rally,TSX,-2.28,64.55,Positive,Healthcare,High
Nikkei 225 index benefits from a weaker yen,Regulatory Changes,Dow Jones,3.79,69.96,Unknown,Automotive,High
Market braces for a major policy announcement from the EU,Stock Market Crash,TSX,-0.73,370.3,Negative,Automotive,Low
Consumer Discretionary stocks outperform as spending increases,Market Rally,KOSPI,-1.0,123.26,Negative,Technology,Low
Market sentiment turns positive on vaccine trial results,Commodity Price Shock,Nikkei 225,1.99,449.25,Negative,Finance,Medium
Central bank maintains status quo on interest rates,Market Rally,Euro Stoxx 50,4.35,274.79,Positive,Energy,Medium
Major technology firm acquires a smaller rival in a multi-billion dollar deal,Commodity Price Shock,ASX 200,-4.09,130.9,Neutral,Agriculture,High
Consumer Discretionary stocks outperform as spending increases,IPO Launch,CAC 40,-1.74,483.82,Neutral,Industrials,Medium
Consumer confidence index reaches a decade high,Economic Data Release,Dow Jones,0.09,414.09,Negative,Materials,Medium
Pharmaceutical company's drug approval drives stock upward,IPO Launch,Nasdaq Composite,4.79,198.4,Neutral,Healthcare,Medium
Nikkei 225 index benefits from a weaker yen,Stock Market Crash,Nasdaq Composite,-2.19,103.48,Negative,Real Estate,Low
Energy company's dividend hike excites shareholders,Cryptocurrency Regulation,FTSE 100,3.73,462.0,Unknown,Agriculture,Low
Merger talks between two banks fall through,Inflation Data Release,IBOVESPA,3.79,122.33,Neutral,Materials,Low
A massive data breach sends a tech company's stock tumbling,Market Rally,KOSPI,-4.82,337.27,Neutral,Media & Entertainment,Low
Utilities sector remains stable during market fluctuations,Central Bank Meeting,CAC 40,-4.74,464.84,Positive,Finance,High
Record-high inflation data rattles investors,Government Policy Announcement,Nikkei 225,2.99,108.41,Positive,Telecommunications,Low
Central Bank's dovish tone hints at future rate cuts,IPO Launch,TSX,2.41,359.09,Neutral,Media & Entertainment,High
Quarterly report shows surprising losses for retail giants,Trade Tariffs Announcement,FTSE 100,2.18,45.89,Negative,Real Estate,High
Major oil spill sends energy stocks plummeting,Corporate Earnings Report,Russell 2000,-3.23,273.89,Negative,Real Estate,Medium
Tech Giant's New Product Launch Sparks Sector-Wide Gains,Stock Market Crash,Shanghai Composite,-4.9,51.07,Negative,Utilities,High
Tech Giant's New Product Launch Sparks Sector-Wide Gains,Stock Market Crash,Dow Jones,-4.47,209.32,Positive,Utilities,Medium
Unexpected rise in unemployment fuels market pessimism,Major Merger/Acquisition,ASX 200,-2.12,332.47,Negative,Media & Entertainment,Medium
Central bank maintains status quo on interest rates,Major Merger/Acquisition,IBOVESPA,3.47,40.12,Negative,Transportation,Low
Semiconductor shortages weigh heavily on tech sector profits,Major Merger/Acquisition,Shanghai Composite,3.31,256.94,Negative,Materials,High
Healthcare stocks gain on robust demand and strong outlook,Central Bank Meeting,NSE Nifty,-1.1,491.67,Negative,Retail,Medium
Dow Jones plunges as market fears recession,Corporate Earnings Report,Dow Jones,3.89,241.89,Neutral,Materials,Medium
Nikkei 225 index benefits from a weaker yen,Supply Chain Disruption,ASX 200,-0.67,384.29,Neutral,Transportation,Medium
Automotive industry faces headwinds from rising material costs,Corporate Earnings Report,FTSE 100,-3.45,234.23,Positive,Materials,Medium
Government subsidy program gives a lift to the agriculture sector,Inflation Data Release,Dow Jones,4.44,484.73,Neutral,Automotive,Low
Major technology firm acquires a smaller rival in a multi-billion dollar deal,Major Merger/Acquisition,Hang Seng,-0.77,269.71,Negative,Finance,High
Financial services stocks rally on strong profit margins,Market Rally,Hang Seng,-3.3,372.35,Negative,Energy,High
Government policy shift boosts renewable energy sector,Consumer Confidence Report,TSX,2.15,13.76,Negative,Construction,Medium
China's Shanghai Composite falls after new trade restrictions,Unemployment Rate Announcement,IBOVESPA,-3.81,295.17,Negative,Healthcare,Medium
Energy company's dividend hike excites shareholders,Stock Market Crash,Russell 2000,-2.6,2.62,Positive,Technology,High
Financial services stocks rally on strong profit margins,Geopolitical Event,Russell 2000,-2.67,39.73,Neutral,Industrials,Medium
New regulations on cryptocurrencies cause a market dip,Trade Tariffs Announcement,Shanghai Composite,4.26,362.3,Unknown,Industrials,Medium
Tech Giant's New Product Launch Sparks Sector-Wide Gains,Government Policy Announcement,KOSPI,-3.78,257.44,Negative,Telecommunications,High
Federal Reserve Chairman's speech causes market volatility,Unemployment Rate Announcement,Russell 2000,-3.07,471.57,Neutral,Real Estate,Medium
Media and Entertainment companies report a surge in streaming revenue,Unemployment Rate Announcement,IBOVESPA,-4.74,336.47,Neutral,Materials,Medium
Healthcare stocks gain on robust demand and strong outlook,Commodity Price Shock,CAC 40,-2.9,191.45,Positive,Telecommunications,High
Aerospace and Defense sector sees rally amid geopolitical tensions,Currency Devaluation,CAC 40,-1.54,193.71,Negative,Finance,Low
Market sentiment turns positive on vaccine trial results,Unemployment Rate Announcement,Euro Stoxx 50,-0.11499999999999999,325.48,Negative,Media & Entertainment,High
Manufacturing PMI data signals economic expansion,Corporate Earnings Report,CAC 40,0.59,62.35,Neutral,Construction,Low
Real Estate sector shows signs of overheating as interest rates fall,Consumer Confidence Report,Euro Stoxx 50,2.78,302.4,Neutral,Industrials,Medium
Energy company's dividend hike excites shareholders,Commodity Price Shock,Nikkei 225,-3.72,471.65,Positive,Transportation,Medium
Market braces for a major policy announcement from the EU,Government Policy Announcement,BSE Sensex,1.69,381.18,Negative,Real Estate,High
Government spending bill is expected to stimulate the economy,Consumer Confidence Report,KOSPI,0.33,478.24,Positive,Technology,Low
Semiconductor shortages weigh heavily on tech sector profits,Inflation Data Release,S&P/TSX Composite,3.19,246.13,Negative,Aerospace & Defense,Medium
Central Bank Governor signals potential shift in policy,IPO Launch,Russell 2000,-1.05,146.8,Positive,Automotive,Low
Pharmaceutical company's drug approval drives stock upward,Trade Tariffs Announcement,IBOVESPA,-0.09,345.58,Unknown,Utilities,Medium
Aerospace and Defense sector sees rally amid geopolitical tensions,Stock Market Crash,CAC 40,4.61,108.33,Negative,Industrials,Low
Market braces for a major policy announcement from the EU,Geopolitical Event,NSE Nifty,-2.58,393.59,Negative,Media & Entertainment,Medium
E-commerce earnings report beats all analyst expectations,Currency Devaluation,Dow Jones,3.89,54.1,Negative,Telecommunications,Low
Government subsidy program gives a lift to the agriculture sector,Major Merger/Acquisition,TSX,0.28,488.25,Unknown,Automotive,Medium
Real Estate sector shows signs of overheating as interest rates fall,Market Rally,Hang Seng,3.52,361.01,Negative,Consumer Goods,Low
Government subsidy program gives a lift to the agriculture sector,Economic Data Release,Russell 2000,-2.37,221.77,Positive,Industrials,Low
Retail sales report surpasses all forecasts,Inflation Data Release,Hang Seng,3.21,56.73,Negative,Consumer Goods,High
Government subsidy program gives a lift to the agriculture sector,Bond Market Fluctuation,Nikkei 225,2.77,120.52,Positive,Industrials,Low
Consumer Discretionary stocks outperform as spending increases,Major Merger/Acquisition,Russell 2000,-0.96,98.5,Positive,Healthcare,High
Financial sector bracing for new capital requirements,Economic Data Release,NSE Nifty,3.35,342.15,Negative,Media & Entertainment,Medium
Dow Jones plunges as market fears recession,Regulatory Changes,NSE Nifty,-0.8,238.7,Neutral,Finance,Low
Consumer confidence index reaches a decade high,Market Rally,IBOVESPA,-4.06,173.66,Negative,Aerospace & Defense,Medium
Central Bank Governor signals potential shift in policy,Commodity Price Shock,Hang Seng,-1.03,475.67,Neutral,Industrials,Low
New housing data release shows a slowdown in market activity,Trade Tariffs Announcement,Nikkei 225,-1.56,433.24,Positive,Industrials,High
Government policy shift boosts renewable energy sector,IPO Launch,KOSPI,3.67,205.75,Neutral,Technology,Low
UK's FTSE 100 sees a boost from favorable trade data,Consumer Confidence Report,Shanghai Composite,-0.41,259.78,Negative,Healthcare,High
ASX 200 gains on strong export performance,Trade Tariffs Announcement,NSE Nifty,4.82,106.01,Negative,Utilities,Low
Government spending bill is expected to stimulate the economy,Stock Market Crash,S&P 500,3.95,294.9,Positive,Energy,Medium
Unexpected rise in unemployment fuels market pessimism,Government Policy Announcement,Shanghai Composite,-1.54,73.63,Positive,Telecommunications,High
Central Bank Governor signals potential shift in policy,Market Rally,IBOVESPA,-4.0,26.43,Neutral,Technology,Low
Supply chain issues impact manufacturing sector earnings,Commodity Price Shock,Russell 2000,0.08,398.95,Negative,Industrials,Low
Pharmaceutical company's drug approval drives stock upward,Trade Tariffs Announcement,KOSPI,-0.11499999999999999,66.17,Neutral,Utilities,Low
Aerospace and Defense sector sees rally amid geopolitical tensions,Market Rally,FTSE 100,3.55,425.49,Positive,Construction,Medium
E-commerce earnings report beats all analyst expectations,Major Merger/Acquisition,S&P/TSX Composite,0.4,227.55,Neutral,Technology,High
Merger talks between two banks fall through,Geopolitical Event,DAX,2.71,105.75,Positive,Media & Entertainment,High
Market braces for a major policy announcement from the EU,Cryptocurrency Regulation,S&P 500,0.03,441.95,Negative,Industrials,High
Financial services stocks rally on strong profit margins,Cryptocurrency Regulation,Euro Stoxx 50,0.65,36.09,Negative,Construction,Medium
Merger talks between two banks fall through,Inflation Data Release,FTSE 100,1.31,245.93,Positive,Industrials,Medium
Automotive industry faces headwinds from rising material costs,Market Rally,Nasdaq Composite,3.25,147.71,Unknown,Media & Entertainment,Medium
Massive stock buyback program announced by a consumer goods company,Unemployment Rate Announcement,ASX 200,-1.64,38.58,Positive,Healthcare,High
Media and Entertainment companies report a surge in streaming revenue,Consumer Confidence Report,TSX,3.04,217.82,Negative,Construction,Low
Federal Reserve Chairman's speech causes market volatility,Trade Tariffs Announcement,DAX,-0.49,289.73,Negative,Media & Entertainment,Low
Geopolitical ceasefire prompts a broad market recovery,Cryptocurrency Regulation,Dow Jones,-3.03,339.9,Negative,Agriculture,Low
Healthcare stocks gain on robust demand and strong outlook,Supply Chain Disruption,Nikkei 225,2.82,216.04,Negative,Construction,Medium
Consumer Discretionary stocks outperform as spending increases,Bond Market Fluctuation,Shanghai Composite,-1.15,60.21,Neutral,Automotive,High
Bond yields tumble as investors seek safe havens,Consumer Confidence Report,NSE Nifty,4.53,194.82,Positive,Aerospace & Defense,Medium
Major oil spill sends energy stocks plummeting,Stock Market Crash,TSX,-4.96,422.29,Neutral,Real Estate,Low
New IPO for a popular software firm is oversubscribed,Trade Tariffs Announcement,TSX,3.21,178.47,Positive,Consumer Goods,Low
Pharmaceutical company's drug approval drives stock upward,IPO Launch,S&P/TSX Composite,0.82,381.38,Neutral,Real Estate,Medium
Government spending bill is expected to stimulate the economy,Consumer Confidence Report,Nasdaq Composite,-1.99,119.81,Negative,Transportation,Low
Gold prices surge as investors flee riskier assets,Cryptocurrency Regulation,ASX 200,-2.77,206.42,Positive,Aerospace & Defense,Medium
Geopolitical ceasefire prompts a broad market recovery,Consumer Confidence Report,S&P 500,-2.78,367.69,Negative,Real Estate,Medium
Federal Reserve Chairman's speech causes market volatility,Unemployment Rate Announcement,Nasdaq Composite,3.32,448.37,Positive,Finance,Medium
Bond yields tumble as investors seek safe havens,Geopolitical Event,Nasdaq Composite,1.85,377.59,Neutral,Industrials,Medium
Mining company stock surges on commodity price boom,Corporate Earnings Report,Hang Seng,3.17,366.5,Negative,Real Estate,Medium
E-commerce earnings report beats all analyst expectations,Geopolitical Event,TSX,-3.0,78.25,Neutral,Consumer Goods,High
A massive data breach sends a tech company's stock tumbling,Market Rally,IBOVESPA,-1.63,396.09,Neutral,Transportation,High
Manufacturing PMI data signals economic expansion,Government Policy Announcement,BSE Sensex,4.19,65.24,Positive,Pharmaceuticals,Low
Merger talks between two banks fall through,Consumer Confidence Report,Shanghai Composite,4.84,321.32,Neutral,Utilities,High
Central bank maintains status quo on interest rates,Government Policy Announcement,Nasdaq Composite,4.2,43.76,Negative,Consumer Goods,Medium
Media and Entertainment companies report a surge in streaming revenue,Interest Rate Change,Nasdaq Composite,1.38,49.66,Neutral,Agriculture,Low
Market sentiment turns positive on vaccine trial results,Market Rally,Shanghai Composite,1.33,344.69,Positive,Pharmaceuticals,Medium
Geopolitical ceasefire prompts a broad market recovery,Consumer Confidence Report,Shanghai Composite,-3.36,84.79,Neutral,Technology,High
UK's FTSE 100 sees a boost from favorable trade data,Trade Tariffs Announcement,ASX 200,1.77,190.44,Positive,Retail,High
Real Estate sector shows signs of overheating as interest rates fall,Interest Rate Change,Shanghai Composite,4.36,262.87,Positive,Industrials,High
Massive stock buyback program announced by a consumer goods company,Consumer Confidence Report,ASX 200,-2.0,194.94,Negative,Technology,Medium
Major oil spill sends energy stocks plummeting,Trade Tariffs Announcement,Hang Seng,-0.11499999999999999,83.58,Neutral,Transportation,High
Healthcare stocks gain on robust demand and strong outlook,Government Policy Announcement,TSX,-4.86,174.9,Negative,Transportation,Medium
Government subsidy program gives a lift to the agriculture sector,Corporate Earnings Report,DAX,2.21,173.0,Positive,Telecommunications,Low
A massive data breach sends a tech company's stock tumbling,Economic Data Release,FTSE 100,2.5,160.09,Negative,Industrials,High
Central Bank's dovish tone hints at future rate cuts,Interest Rate Change,KOSPI,3.89,237.12,Positive,Transportation,High
Central bank maintains status quo on interest rates,Unemployment Rate Announcement,Hang Seng,2.72,483.09,Neutral,Materials,Low
Government policy shift boosts renewable energy sector,Government Policy Announcement,DAX,3.98,115.61,Negative,Technology,High
Real Estate sector shows signs of overheating as interest rates fall,Trade Tariffs Announcement,Hang Seng,-4.45,6.55,Neutral,Consumer Goods,Low
Market sentiment turns positive on vaccine trial results,Market Rally,Dow Jones,3.68,446.93,Neutral,Retail,Low
Bond yields tumble as investors seek safe havens,Major Merger/Acquisition,S&P 500,2.86,421.57,Neutral,Retail,High
China's Shanghai Composite falls after new trade restrictions,Supply Chain Disruption,TSX,2.56,325.93,Positive,Consumer Goods,High
Quarterly report shows surprising losses for retail giants,Unemployment Rate Announcement,ASX 200,3.47,320.8,Positive,Finance,High
Tech Giant's New Product Launch Sparks Sector-Wide Gains,Regulatory Changes,Dow Jones,2.58,27.35,Negative,Automotive,Medium
"Global trade talks collapse, causing market turmoil",Regulatory Changes,Russell 2000,1.71,478.5,Negative,Industrials,High
Retail sales report surpasses all forecasts,Geopolitical Event,ASX 200,-4.76,466.43,Negative,Telecommunications,Low
Federal Reserve Chairman's speech causes market volatility,Interest Rate Change,Russell 2000,-3.52,168.69,Positive,Retail,Medium
UK's FTSE 100 sees a boost from favorable trade data,Economic Data Release,Dow Jones,2.36,173.1,Negative,Materials,Low
Energy company's dividend hike excites shareholders,Stock Market Crash,Dow Jones,1.61,331.68,Neutral,Consumer Goods,Medium
Tech Giant's New Product Launch Sparks Sector-Wide Gains,Unemployment Rate Announcement,Nasdaq Composite,0.72,221.54,Positive,Aerospace & Defense,Low
Record-high inflation data rattles investors,Economic Data Release,S&P/TSX Composite,-0.1,16.64,Negative,Aerospace & Defense,High
Consumer confidence index reaches a decade high,Government Policy Announcement,CAC 40,-4.32,57.24,Neutral,Materials,Medium
Major technology firm acquires a smaller rival in a multi-billion dollar deal,Market Rally,Nikkei 225,-1.63,343.34,Positive,Finance,Medium
E-commerce earnings report beats all analyst expectations,Commodity Price Shock,S&P 500,-0.68,171.42,Unknown,Agriculture,High
E-commerce earnings report beats all analyst expectations,Economic Data Release,Shanghai Composite,-0.63,332.93,Positive,Pharmaceuticals,Low
Media and Entertainment companies report a surge in streaming revenue,Corporate Earnings Report,Shanghai Composite,3.29,34.46,Positive,Industrials,High
Unexpected rise in unemployment fuels market pessimism,Interest Rate Change,KOSPI,1.06,204.24,Neutral,Retail,Medium
Retail sales report surpasses all forecasts,Regulatory Changes,Dow Jones,-2.32,144.84,Negative,Aerospace & Defense,High
Tech Giant's New Product Launch Sparks Sector-Wide Gains,IPO Launch,Euro Stoxx 50,2.92,459.13,Neutral,Agriculture,Medium
Nikkei 225 index benefits from a weaker yen,Government Policy Announcement,IBOVESPA,1.93,223.1,Positive,Utilities,Low
Tech Giant's New Product Launch Sparks Sector-Wide Gains,Commodity Price Shock,S&P/TSX Composite,-0.7,463.32,Negative,Real Estate,Low
Market sentiment turns positive on vaccine trial results,Currency Devaluation,ASX 200,-3.06,478.1,Positive,Materials,High
Semiconductor shortages weigh heavily on tech sector profits,Interest Rate Change,Russell 2000,2.91,335.87,Negative,Retail,Low
New IPO for a popular software firm is oversubscribed,Unemployment Rate Announcement,Euro Stoxx 50,-2.14,382.42,Positive,Transportation,Medium
Gold prices surge as investors flee riskier assets,Commodity Price Shock,CAC 40,-4.46,93.8,Neutral,Utilities,Medium
Bond yields tumble as investors seek safe havens,Unemployment Rate Announcement,CAC 40,4.62,216.86,Neutral,Automotive,Low
Merger talks between two banks fall through,Central Bank Meeting,Shanghai Composite,-3.5,64.83,Neutral,Automotive,High
New IPO for a popular software firm is oversubscribed,Economic Data Release,FTSE 100,-0.48,217.24,Neutral,Telecommunications,High
Major oil spill sends energy stocks plummeting,Commodity Price Shock,S&P/TSX Composite,4.36,255.33,Negative,Automotive,High
Crude oil prices drop to a multi-year low,Market Rally,Dow Jones,1.96,52.9,Neutral,Construction,Medium
Market sentiment turns positive on vaccine trial results,Geopolitical Event,BSE Sensex,-0.7,75.6,Positive,Retail,Medium
Semiconductor shortages weigh heavily on tech sector profits,Stock Market Crash,Hang Seng,2.62,225.9,Positive,Industrials,High
Bond yields tumble as investors seek safe havens,Inflation Data Release,Euro Stoxx 50,2.56,221.42,Positive,Retail,Low
Geopolitical ceasefire prompts a broad market recovery,Unemployment Rate Announcement,Hang Seng,4.37,110.5,Negative,Finance,Low
"Global trade talks collapse, causing market turmoil",Currency Devaluation,FTSE 100,1.41,383.63,Positive,Consumer Goods,Medium
E-commerce earnings report beats all analyst expectations,Stock Market Crash,S&P 500,0.87,459.79,Negative,Energy,High
New regulations on cryptocurrencies cause a market dip,Trade Tariffs Announcement,Nasdaq Composite,-0.09,252.81,Negative,Transportation,High
Federal Reserve Chairman's speech causes market volatility,Supply Chain Disruption,IBOVESPA,-0.11499999999999999,342.7,Negative,Utilities,Medium
Manufacturing PMI data signals economic expansion,Inflation Data Release,Nikkei 225,2.54,195.32,Negative,Real Estate,High
Record-high inflation data rattles investors,Inflation Data Release,S&P 500,-4.3,492.53,Neutral,Energy,Medium
Major technology firm acquires a smaller rival in a multi-billion dollar deal,IPO Launch,Dow Jones,1.76,421.83,Positive,Finance,High
Automotive industry faces headwinds from rising material costs,Regulatory Changes,Euro Stoxx 50,-3.45,51.75,Neutral,Transportation,Medium
Nikkei 225 index benefits from a weaker yen,Interest Rate Change,Nasdaq Composite,-3.24,109.65,Negative,Consumer Goods,High
Market braces for a major policy announcement from the EU,Inflation Data Release,IBOVESPA,4.07,230.88,Neutral,Utilities,Low
Bond yields tumble as investors seek safe havens,Geopolitical Event,Nikkei 225,2.53,1.63,Positive,Agriculture,High
Automotive industry faces headwinds from rising material costs,Economic Data Release,BSE Sensex,3.08,16.48,Positive,Telecommunications,Low
Financial sector bracing for new capital requirements,Unemployment Rate Announcement,IBOVESPA,-0.09,9.92,Negative,Automotive,High
Aerospace and Defense sector sees rally amid geopolitical tensions,Central Bank Meeting,Hang Seng,0.08,478.29,Neutral,Retail,Medium
China's Shanghai Composite falls after new trade restrictions,IPO Launch,Hang Seng,-1.14,482.98,Negative,Aerospace & Defense,Medium
Consumer confidence index reaches a decade high,Supply Chain Disruption,CAC 40,2.13,125.65,Negative,Transportation,Low
Pharmaceutical company's drug approval drives stock upward,Corporate Earnings Report,KOSPI,3.17,468.67,Unknown,Materials,Medium
Healthcare stocks gain on robust demand and strong outlook,Cryptocurrency Regulation,IBOVESPA,-4.66,355.46,Neutral,Transportation,High
Aerospace and Defense sector sees rally amid geopolitical tensions,Interest Rate Change,NSE Nifty,-3.45,448.79,Negative,Telecommunications,Medium
Nikkei 225 index benefits from a weaker yen,Consumer Confidence Report,Shanghai Composite,-2.86,116.95,Negative,Automotive,High
New IPO for a popular software firm is oversubscribed,Supply Chain Disruption,IBOVESPA,1.24,423.38,Neutral,Finance,Low
New regulations on cryptocurrencies cause a market dip,Consumer Confidence Report,NSE Nifty,3.83,133.94,Neutral,Automotive,High
Record-high inflation data rattles investors,Bond Market Fluctuation,Russell 2000,1.0,171.18,Positive,Consumer Goods,Medium
Aerospace and Defense sector sees rally amid geopolitical tensions,Inflation Data Release,Hang Seng,2.97,6.74,Unknown,Telecommunications,Medium
Utilities sector remains stable during market fluctuations,Interest Rate Change,NSE Nifty,-1.16,127.25,Positive,Industrials,Medium
Major technology firm acquires a smaller rival in a multi-billion dollar deal,Major Merger/Acquisition,Euro Stoxx 50,0.92,354.46,Positive,Pharmaceuticals,High
Dow Jones plunges as market fears recession,Trade Tariffs Announcement,Euro Stoxx 50,3.26,20.97,Neutral,Agriculture,Medium
Market sentiment turns positive on vaccine trial results,Regulatory Changes,Dow Jones,-0.1,170.1,Neutral,Pharmaceuticals,Low
Government subsidy program gives a lift to the agriculture sector,Supply Chain Disruption,TSX,-2.62,147.82,Negative,Industrials,Medium
Merger talks between two banks fall through,Geopolitical Event,ASX 200,2.79,212.11,Neutral,Real Estate,Low
Bond yields tumble as investors seek safe havens,Geopolitical Event,Nasdaq Composite,-1.81,312.4,Positive,Consumer Goods,High
A massive data breach sends a tech company's stock tumbling,Economic Data Release,S&P/TSX Composite,-1.49,45.37,Positive,Energy,High
Record-high inflation data rattles investors,Government Policy Announcement,Euro Stoxx 50,-4.08,208.92,Positive,Automotive,Medium
A massive data breach sends a tech company's stock tumbling,IPO Launch,IBOVESPA,-4.21,193.1,Negative,Agriculture,Medium
Dow Jones plunges as market fears recession,Trade Tariffs Announcement,TSX,-4.22,219.31,Negative,Finance,High
Major technology firm acquires a smaller rival in a multi-billion dollar deal,Geopolitical Event,S&P 500,4.53,342.06,Positive,Media & Entertainment,High
ASX 200 gains on strong export performance,Interest Rate Change,Nikkei 225,1.39,384.45,Neutral,Aerospace & Defense,High
New housing data release shows a slowdown in market activity,Trade Tariffs Announcement,Hang Seng,-4.54,75.44,Neutral,Telecommunications,Medium
Automotive industry faces headwinds from rising material costs,Supply Chain Disruption,Dow Jones,-2.16,436.69,Neutral,Utilities,High
Federal Reserve Chairman's speech causes market volatility,IPO Launch,S&P 500,0.89,312.06,Positive,Energy,Medium
Automotive industry faces headwinds from rising material costs,Consumer Confidence Report,BSE Sensex,-0.41,419.4,Neutral,Aerospace & Defense,Low
Consumer Discretionary stocks outperform as spending increases,IPO Launch,S&P 500,1.5,191.82,Neutral,Pharmaceuticals,High
Semiconductor shortages weigh heavily on tech sector profits,Central Bank Meeting,S&P 500,-4.85,208.71,Negative,Telecommunications,High
Semiconductor shortages weigh heavily on tech sector profits,Interest Rate Change,KOSPI,-2.95,384.72,Neutral,Media & Entertainment,Medium
Tech Giant's New Product Launch Sparks Sector-Wide Gains,Geopolitical Event,CAC 40,0.69,264.14,Neutral,Consumer Goods,Low
Supply chain issues impact manufacturing sector earnings,Unemployment Rate Announcement,S&P 500,-1.75,221.74,Neutral,Healthcare,High
Major technology firm acquires a smaller rival in a multi-billion dollar deal,Consumer Confidence Report,IBOVESPA,1.96,3.51,Positive,Automotive,High
Quarterly report shows surprising losses for retail giants,Central Bank Meeting,KOSPI,-4.12,95.59,Neutral,Telecommunications,High
Pharmaceutical company's drug approval drives stock upward,Currency Devaluation,Nasdaq Composite,4.96,2.5,Positive,Transportation,Medium
Financial services stocks rally on strong profit margins,Commodity Price Shock,NSE Nifty,-0.62,22.76,Neutral,Automotive,Low
Media and Entertainment companies report a surge in streaming revenue,Regulatory Changes,Euro Stoxx 50,-3.42,351.47,Unknown,Media & Entertainment,Medium
Unexpected rise in unemployment fuels market pessimism,Currency Devaluation,Nikkei 225,-3.14,59.24,Negative,Media & Entertainment,Medium
Tech Giant's New Product Launch Sparks Sector-Wide Gains,Central Bank Meeting,S&P 500,2.08,21.86,Negative,Pharmaceuticals,High
Semiconductor shortages weigh heavily on tech sector profits,Unemployment Rate Announcement,BSE Sensex,0.0,33.11,Negative,Finance,Medium
Central Bank Governor signals potential shift in policy,Currency Devaluation,KOSPI,-3.03,313.25,Negative,Transportation,High
Energy company's dividend hike excites shareholders,Central Bank Meeting,Hang Seng,1.88,417.44,Neutral,Materials,Medium
Retail sales report surpasses all forecasts,Commodity Price Shock,Dow Jones,4.13,361.46,Neutral,Finance,High
Utilities sector remains stable during market fluctuations,Inflation Data Release,Dow Jones,-1.69,43.7,Neutral,Technology,Medium
Quarterly report shows surprising losses for retail giants,Consumer Confidence Report,TSX,-3.2,241.84,Positive,Transportation,Low
Retail sales report surpasses all forecasts,Regulatory Changes,FTSE 100,-1.92,449.99,Negative,Healthcare,Low
A massive data breach sends a tech company's stock tumbling,Unemployment Rate Announcement,Hang Seng,-0.11499999999999999,220.91,Neutral,Aerospace & Defense,Low
New housing data release shows a slowdown in market activity,Corporate Earnings Report,IBOVESPA,1.23,432.0,Neutral,Utilities,Low
Major technology firm acquires a smaller rival in a multi-billion dollar deal,Corporate Earnings Report,S&P/TSX Composite,2.07,35.85,Negative,Consumer Goods,High
Major technology firm acquires a smaller rival in a multi-billion dollar deal,Economic Data Release,S&P/TSX Composite,3.71,496.62,Neutral,Real Estate,High
Aerospace and Defense sector sees rally amid geopolitical tensions,Consumer Confidence Report,S&P 500,3.71,458.07,Negative,Pharmaceuticals,Medium
Merger talks between two banks fall through,Consumer Confidence Report,Nikkei 225,-0.9,499.03,Negative,Real Estate,Low
New housing data release shows a slowdown in market activity,Government Policy Announcement,CAC 40,3.92,254.04,Positive,Real Estate,Medium
New IPO for a popular software firm is oversubscribed,Supply Chain Disruption,Russell 2000,-2.02,92.49,Positive,Technology,High
Media and Entertainment companies report a surge in streaming revenue,Currency Devaluation,Nasdaq Composite,0.5,331.09,Negative,Technology,Low
Healthcare stocks gain on robust demand and strong outlook,Regulatory Changes,NSE Nifty,-3.07,418.37,Negative,Agriculture,Medium
Federal Reserve Chairman's speech causes market volatility,Corporate Earnings Report,BSE Sensex,-0.21,252.89,Negative,Agriculture,Medium
UK's FTSE 100 sees a boost from favorable trade data,Corporate Earnings Report,Nikkei 225,0.59,244.09,Neutral,Energy,Low
Federal Reserve Chairman's speech causes market volatility,Unemployment Rate Announcement,DAX,-2.37,409.68,Positive,Materials,High
Unexpected rise in unemployment fuels market pessimism,Supply Chain Disruption,Nikkei 225,-1.83,225.43,Positive,Pharmaceuticals,Medium
Central Bank's dovish tone hints at future rate cuts,Central Bank Meeting,ASX 200,-4.64,199.38,Positive,Retail,Low
Nikkei 225 index benefits from a weaker yen,Central Bank Meeting,ASX 200,-1.27,479.92,Positive,Aerospace & Defense,Low
Semiconductor shortages weigh heavily on tech sector profits,Interest Rate Change,S&P 500,2.58,180.91,Neutral,Utilities,Low
ASX 200 gains on strong export performance,Cryptocurrency Regulation,Dow Jones,-4.41,184.07,Negative,Consumer Goods,Low
Automotive industry faces headwinds from rising material costs,Corporate Earnings Report,Dow Jones,3.79,467.38,Positive,Automotive,Medium
Central Bank Governor signals potential shift in policy,Unemployment Rate Announcement,Dow Jones,4.26,177.81,Neutral,Agriculture,Low
Central Bank's dovish tone hints at future rate cuts,IPO Launch,Nasdaq Composite,-0.11499999999999999,478.88,Positive,Agriculture,Low
Dow Jones plunges as market fears recession,Corporate Earnings Report,Shanghai Composite,4.09,358.39,Negative,Telecommunications,High
New regulations on cryptocurrencies cause a market dip,IPO Launch,Nikkei 225,-0.11499999999999999,409.96,Positive,Agriculture,Medium
Bond yields tumble as investors seek safe havens,Market Rally,Russell 2000,-4.1,404.08,Neutral,Energy,Medium
Gold prices surge as investors flee riskier assets,Economic Data Release,Dow Jones,2.61,115.1,Positive,Pharmaceuticals,Medium
Utilities sector remains stable during market fluctuations,Government Policy Announcement,S&P 500,3.63,217.34,Positive,Healthcare,Medium
Pharmaceutical company's drug approval drives stock upward,IPO Launch,FTSE 100,4.88,320.35,Neutral,Finance,Medium
Supply chain issues impact manufacturing sector earnings,Inflation Data Release,Russell 2000,-1.49,135.73,Negative,Materials,High
A massive data breach sends a tech company's stock tumbling,Bond Market Fluctuation,Nikkei 225,1.41,223.57,Neutral,Agriculture,Medium
New IPO for a popular software firm is oversubscribed,Stock Market Crash,NSE Nifty,-4.66,244.33,Neutral,Technology,Low
New housing data release shows a slowdown in market activity,Supply Chain Disruption,CAC 40,3.56,93.1,Negative,Agriculture,Low
Media and Entertainment companies report a surge in streaming revenue,IPO Launch,ASX 200,-2.52,492.04,Negative,Healthcare,Low
Major technology firm acquires a smaller rival in a multi-billion dollar deal,Geopolitical Event,ASX 200,-1.68,31.74,Positive,Consumer Goods,High
Media and Entertainment companies report a surge in streaming revenue,Major Merger/Acquisition,Hang Seng,-1.64,135.37,Positive,Transportation,Medium
Unexpected rise in unemployment fuels market pessimism,Inflation Data Release,DAX,3.94,453.16,Positive,Agriculture,High
Manufacturing PMI data signals economic expansion,Supply Chain Disruption,ASX 200,1.47,264.36,Negative,Retail,High
New regulations on cryptocurrencies cause a market dip,Unemployment Rate Announcement,ASX 200,-2.78,309.22,Neutral,Industrials,High
Massive stock buyback program announced by a consumer goods company,Bond Market Fluctuation,Shanghai Composite,-3.31,361.19,Positive,Materials,Low
New housing data release shows a slowdown in market activity,Central Bank Meeting,Hang Seng,-3.25,224.11,Positive,Transportation,Low
Government subsidy program gives a lift to the agriculture sector,Unemployment Rate Announcement,Hang Seng,2.99,118.81,Positive,Finance,Medium
Bond yields tumble as investors seek safe havens,Major Merger/Acquisition,Nikkei 225,3.97,36.71,Neutral,Retail,Low
Market sentiment turns positive on vaccine trial results,Consumer Confidence Report,Euro Stoxx 50,2.9,396.62,Positive,Agriculture,Medium
Banking stocks dip after a major scandal is revealed,Commodity Price Shock,Hang Seng,2.21,495.18,Neutral,Industrials,High
Federal Reserve Chairman's speech causes market volatility,Supply Chain Disruption,Russell 2000,-3.55,7.68,Unknown,Retail,Low
Consumer confidence index reaches a decade high,Inflation Data Release,Dow Jones,-1.42,9.97,Negative,Utilities,Low
Market braces for a major policy announcement from the EU,Supply Chain Disruption,Shanghai Composite,-0.11499999999999999,369.31,Positive,Transportation,Low
China's Shanghai Composite falls after new trade restrictions,Consumer Confidence Report,KOSPI,3.73,408.91,Neutral,Telecommunications,High
Real Estate sector shows signs of overheating as interest rates fall,Central Bank Meeting,S&P/TSX Composite,-4.28,381.69,Negative,Healthcare,Low
Central bank maintains status quo on interest rates,Market Rally,Euro Stoxx 50,2.75,387.89,Negative,Healthcare,Medium
Gold prices surge as investors flee riskier assets,Market Rally,Russell 2000,4.2,167.2,Negative,Media & Entertainment,Low
ASX 200 gains on strong export performance,IPO Launch,Euro Stoxx 50,-1.74,324.11,Positive,Technology,Low
"Global trade talks collapse, causing market turmoil",Major Merger/Acquisition,CAC 40,-0.19,476.74,Neutral,Transportation,High
Manufacturing PMI data signals economic expansion,Major Merger/Acquisition,Dow Jones,4.06,407.35,Positive,Pharmaceuticals,Low
Financial sector bracing for new capital requirements,Consumer Confidence Report,Hang Seng,-0.11499999999999999,335.17,Neutral,Construction,Medium
E-commerce earnings report beats all analyst expectations,Major Merger/Acquisition,Nasdaq Composite,-3.18,187.5,Negative,Retail,Medium
Government subsidy program gives a lift to the agriculture sector,Consumer Confidence Report,Euro Stoxx 50,2.82,183.71,Neutral,Telecommunications,Low
New regulations on cryptocurrencies cause a market dip,Unemployment Rate Announcement,KOSPI,-2.3,338.23,Negative,Materials,High
Federal Reserve Chairman's speech causes market volatility,Unemployment Rate Announcement,Nasdaq Composite,4.43,206.24,Positive,Aerospace & Defense,High
Tech Giant's New Product Launch Sparks Sector-Wide Gains,Unemployment Rate Announcement,Nasdaq Composite,-0.43,265.05,Negative,Consumer Goods,Medium
Record-high inflation data rattles investors,Interest Rate Change,S&P/TSX Composite,-0.31,485.69,Neutral,Retail,Medium
Banking stocks dip after a major scandal is revealed,Consumer Confidence Report,S&P 500,-3.35,64.49,Negative,Real Estate,Medium
Supply chain issues impact manufacturing sector earnings,Market Rally,BSE Sensex,3.57,183.8,Positive,Materials,Low
Dow Jones plunges as market fears recession,Inflation Data Release,Dow Jones,4.06,245.25,Negative,Materials,Medium
Tech Giant's New Product Launch Sparks Sector-Wide Gains,Commodity Price Shock,S&P/TSX Composite,-0.11499999999999999,169.53,Unknown,Aerospace & Defense,High
Major technology firm acquires a smaller rival in a multi-billion dollar deal,Consumer Confidence Report,Hang Seng,1.25,99.72,Negative,Telecommunications,Medium
Retail sales report surpasses all forecasts,Trade Tariffs Announcement,S&P/TSX Composite,2.46,100.47,Neutral,Transportation,High
Semiconductor shortages weigh heavily on tech sector profits,IPO Launch,BSE Sensex,-0.11499999999999999,457.2,Negative,Technology,Medium
Financial sector bracing for new capital requirements,Supply Chain Disruption,Hang Seng,-4.07,439.96,Neutral,Real Estate,High
Mining company stock surges on commodity price boom,Trade Tariffs Announcement,Shanghai Composite,4.09,192.78,Positive,Materials,High
Nikkei 225 index benefits from a weaker yen,Inflation Data Release,KOSPI,2.51,133.06,Positive,Transportation,Medium
Bond yields tumble as investors seek safe havens,Supply Chain Disruption,ASX 200,2.28,330.82,Neutral,Agriculture,Medium
Retail sales report surpasses all forecasts,Interest Rate Change,Shanghai Composite,1.71,50.57,Negative,Pharmaceuticals,Medium
Nikkei 225 index benefits from a weaker yen,Interest Rate Change,S&P/TSX Composite,4.8,445.54,Neutral,Finance,High
Bond yields tumble as investors seek safe havens,Interest Rate Change,ASX 200,0.95,468.22,Negative,Aerospace & Defense,Medium
New regulations on cryptocurrencies cause a market dip,Regulatory Changes,Nasdaq Composite,-3.8,435.85,Negative,Consumer Goods,Medium
Major oil spill sends energy stocks plummeting,Supply Chain Disruption,Nikkei 225,-1.72,297.95,Neutral,Construction,Low
Gold prices surge as investors flee riskier assets,Major Merger/Acquisition,Russell 2000,-1.19,286.43,Neutral,Industrials,Medium
Massive stock buyback program announced by a consumer goods company,Interest Rate Change,Nasdaq Composite,-2.3,262.01,Neutral,Real Estate,Low
Financial services stocks rally on strong profit margins,IPO Launch,CAC 40,1.13,440.62,Negative,Utilities,High
New IPO for a popular software firm is oversubscribed,Bond Market Fluctuation,S&P 500,3.74,31.35,Negative,Media & Entertainment,Low
Energy company's dividend hike excites shareholders,Interest Rate Change,Dow Jones,2.69,355.69,Neutral,Technology,Medium
Aerospace and Defense sector sees rally amid geopolitical tensions,Market Rally,CAC 40,0.48,29.17,Negative,Agriculture,Medium
Nikkei 225 index benefits from a weaker yen,Interest Rate Change,KOSPI,2.3,256.71,Neutral,Materials,Medium
Pharmaceutical company's drug approval drives stock upward,Geopolitical Event,CAC 40,-0.11499999999999999,17.94,Positive,Retail,Medium
Mining company stock surges on commodity price boom,Central Bank Meeting,Russell 2000,-4.79,168.76,Negative,Technology,Low
Supply chain issues impact manufacturing sector earnings,Stock Market Crash,Hang Seng,0.68,268.32,Negative,Consumer Goods,High
China's Shanghai Composite falls after new trade restrictions,Commodity Price Shock,Hang Seng,2.6,71.01,Neutral,Utilities,High
ASX 200 gains on strong export performance,Trade Tariffs Announcement,S&P/TSX Composite,3.29,320.59,Neutral,Construction,Low
Semiconductor shortages weigh heavily on tech sector profits,Corporate Earnings Report,Shanghai Composite,-0.11499999999999999,85.19,Negative,Transportation,Medium
Market braces for a major policy announcement from the EU,Cryptocurrency Regulation,DAX,-4.85,145.93,Negative,Agriculture,Low
Supply chain issues impact manufacturing sector earnings,Geopolitical Event,Dow Jones,3.82,52.66,Positive,Industrials,Medium
E-commerce earnings report beats all analyst expectations,Interest Rate Change,S&P 500,3.42,458.16,Negative,Healthcare,High
Financial sector bracing for new capital requirements,Inflation Data Release,NSE Nifty,4.7,474.23,Positive,Transportation,High
Healthcare stocks gain on robust demand and strong outlook,Regulatory Changes,TSX,4.46,484.5,Negative,Transportation,Medium
Real Estate sector shows signs of overheating as interest rates fall,Economic Data Release,DAX,3.03,5.3,Negative,Energy,Medium
Massive stock buyback program announced by a consumer goods company,Inflation Data Release,Nikkei 225,1.28,98.5,Negative,Industrials,Low
"Global trade talks collapse, causing market turmoil",Market Rally,Shanghai Composite,-1.62,290.82,Negative,Technology,Low
Crude oil prices drop to a multi-year low,Currency Devaluation,BSE Sensex,-0.39,370.8,Neutral,Construction,Medium
E-commerce earnings report beats all analyst expectations,Government Policy Announcement,BSE Sensex,-4.22,98.65,Neutral,Pharmaceuticals,Low
ASX 200 gains on strong export performance,Supply Chain Disruption,S&P 500,-3.4,106.55,Negative,Real Estate,High
Pharmaceutical company's drug approval drives stock upward,Major Merger/Acquisition,Nasdaq Composite,2.81,235.38,Negative,Aerospace & Defense,Low
Geopolitical ceasefire prompts a broad market recovery,Cryptocurrency Regulation,NSE Nifty,-3.93,293.96,Unknown,Transportation,Medium
Aerospace and Defense sector sees rally amid geopolitical tensions,Supply Chain Disruption,Russell 2000,-2.24,235.72,Neutral,Materials,High
Government subsidy program gives a lift to the agriculture sector,Cryptocurrency Regulation,TSX,-2.4,67.98,Neutral,Retail,High
Geopolitical ceasefire prompts a broad market recovery,Corporate Earnings Report,FTSE 100,1.46,16.63,Neutral,Construction,High
UK's FTSE 100 sees a boost from favorable trade data,Currency Devaluation,CAC 40,3.75,103.57,Neutral,Healthcare,High
Geopolitical ceasefire prompts a broad market recovery,Cryptocurrency Regulation,Euro Stoxx 50,-0.11499999999999999,283.6,Neutral,Agriculture,High
Market braces for a major policy announcement from the EU,Currency Devaluation,Hang Seng,-0.14,307.61,Positive,Industrials,High
Financial services stocks rally on strong profit margins,Geopolitical Event,S&P/TSX Composite,-2.84,157.93,Negative,Energy,High
ASX 200 gains on strong export performance,Geopolitical Event,Hang Seng,-1.85,439.62,Positive,Industrials,Low
New regulations on cryptocurrencies cause a market dip,Interest Rate Change,IBOVESPA,-4.52,181.88,Positive,Industrials,Low
Federal Reserve Chairman's speech causes market volatility,Market Rally,IBOVESPA,-3.4,65.43,Negative,Automotive,High
Gold prices surge as investors flee riskier assets,Central Bank Meeting,Hang Seng,2.51,304.67,Negative,Automotive,High
Media and Entertainment companies report a surge in streaming revenue,Market Rally,S&P/TSX Composite,4.41,156.08,Unknown,Transportation,Medium
Government spending bill is expected to stimulate the economy,Consumer Confidence Report,Nikkei 225,0.77,158.9,Positive,Telecommunications,Medium
Semiconductor shortages weigh heavily on tech sector profits,Stock Market Crash,Nikkei 225,0.01,223.63,Positive,Technology,Medium
Gold prices surge as investors flee riskier assets,Commodity Price Shock,DAX,1.7,388.35,Neutral,Aerospace & Defense,Medium
New regulations on cryptocurrencies cause a market dip,Interest Rate Change,Dow Jones,-0.37,120.3,Negative,Transportation,High
Crude oil prices drop to a multi-year low,Major Merger/Acquisition,TSX,-4.76,491.44,Negative,Consumer Goods,High
Semiconductor shortages weigh heavily on tech sector profits,IPO Launch,KOSPI,0.12,311.64,Neutral,Utilities,High
Government policy shift boosts renewable energy sector,Government Policy Announcement,S&P 500,-4.58,376.58,Neutral,Real Estate,High
Consumer confidence index reaches a decade high,Major Merger/Acquisition,Hang Seng,1.35,382.76,Unknown,Healthcare,Medium
Consumer confidence index reaches a decade high,Currency Devaluation,S&P/TSX Composite,-0.9,175.54,Positive,Industrials,Low
New regulations on cryptocurrencies cause a market dip,Central Bank Meeting,KOSPI,-0.11,275.69,Positive,Finance,Low
Massive stock buyback program announced by a consumer goods company,Geopolitical Event,S&P/TSX Composite,-4.35,415.76,Positive,Construction,Low
Merger talks between two banks fall through,Corporate Earnings Report,S&P 500,1.36,144.64,Neutral,Healthcare,High
Automotive industry faces headwinds from rising material costs,Central Bank Meeting,Nikkei 225,4.41,290.15,Positive,Industrials,High
Utilities sector remains stable during market fluctuations,Unemployment Rate Announcement,IBOVESPA,4.71,401.5,Neutral,Media & Entertainment,Low
New IPO for a popular software firm is oversubscribed,Regulatory Changes,DAX,1.29,243.01,Positive,Retail,High
Retail sales report surpasses all forecasts,Cryptocurrency Regulation,Dow Jones,2.29,169.39,Positive,Transportation,Medium
Government policy shift boosts renewable energy sector,Central Bank Meeting,Russell 2000,-2.89,115.95,Negative,Retail,Low
Merger talks between two banks fall through,Inflation Data Release,Russell 2000,2.91,205.29,Negative,Industrials,High
Utilities sector remains stable during market fluctuations,Regulatory Changes,S&P/TSX Composite,-0.11499999999999999,386.51,Neutral,Consumer Goods,Medium
Financial services stocks rally on strong profit margins,Trade Tariffs Announcement,ASX 200,-0.11499999999999999,428.77,Positive,Automotive,High
Energy company's dividend hike excites shareholders,Cryptocurrency Regulation,Euro Stoxx 50,-3.01,434.95,Negative,Automotive,Low
Market braces for a major policy announcement from the EU,Government Policy Announcement,ASX 200,3.54,95.63,Positive,Automotive,High
Major oil spill sends energy stocks plummeting,Supply Chain Disruption,Russell 2000,0.58,202.92,Positive,Construction,Medium
Financial sector bracing for new capital requirements,Supply Chain Disruption,ASX 200,-0.18,152.77,Unknown,Industrials,Medium
Crude oil prices drop to a multi-year low,Government Policy Announcement,Nikkei 225,-0.62,81.24,Positive,Consumer Goods,High
Geopolitical ceasefire prompts a broad market recovery,Geopolitical Event,S&P/TSX Composite,-2.92,445.03,Positive,Media & Entertainment,Low
Central bank maintains status quo on interest rates,Consumer Confidence Report,Dow Jones,-1.5,291.59,Negative,Aerospace & Defense,Medium
Financial services stocks rally on strong profit margins,Major Merger/Acquisition,Euro Stoxx 50,-2.72,86.59,Positive,Automotive,Low
Government subsidy program gives a lift to the agriculture sector,Corporate Earnings Report,CAC 40,3.31,29.58,Neutral,Transportation,Medium
Supply chain issues impact manufacturing sector earnings,IPO Launch,Dow Jones,1.11,42.32,Negative,Technology,Low
Record-high inflation data rattles investors,Bond Market Fluctuation,KOSPI,-2.15,312.23,Negative,Healthcare,High
Energy company's dividend hike excites shareholders,Supply Chain Disruption,Russell 2000,4.97,196.35,Positive,Retail,Medium
ASX 200 gains on strong export performance,Stock Market Crash,Nikkei 225,-0.91,472.62,Neutral,Consumer Goods,Low
Massive stock buyback program announced by a consumer goods company,Major Merger/Acquisition,KOSPI,4.51,97.41,Positive,Construction,High
Utilities sector remains stable during market fluctuations,IPO Launch,Euro Stoxx 50,2.1,172.24,Positive,Technology,High
New regulations on cryptocurrencies cause a market dip,Government Policy Announcement,Shanghai Composite,-0.11499999999999999,389.28,Negative,Construction,Low
Consumer Discretionary stocks outperform as spending increases,Trade Tariffs Announcement,IBOVESPA,1.93,175.65,Neutral,Telecommunications,Low
Central Bank's dovish tone hints at future rate cuts,Supply Chain Disruption,DAX,-0.26,74.8,Negative,Pharmaceuticals,Medium
Semiconductor shortages weigh heavily on tech sector profits,Economic Data Release,Shanghai Composite,3.52,123.49,Positive,Aerospace & Defense,Medium
Merger talks between two banks fall through,Market Rally,IBOVESPA,-4.09,110.78,Neutral,Utilities,Low
Government subsidy program gives a lift to the agriculture sector,Unemployment Rate Announcement,TSX,4.49,399.94,Positive,Construction,Low
Bond yields tumble as investors seek safe havens,Supply Chain Disruption,KOSPI,-2.33,110.35,Negative,Finance,Low
Consumer confidence index reaches a decade high,Trade Tariffs Announcement,Nasdaq Composite,1.72,498.96,Neutral,Utilities,High
Nikkei 225 index benefits from a weaker yen,Currency Devaluation,FTSE 100,-0.23,370.72,Negative,Industrials,Medium
Massive stock buyback program announced by a consumer goods company,Regulatory Changes,Nasdaq Composite,-0.97,493.11,Neutral,Aerospace & Defense,Low
Government policy shift boosts renewable energy sector,Bond Market Fluctuation,BSE Sensex,-1.52,246.22,Positive,Healthcare,High
Healthcare stocks gain on robust demand and strong outlook,Major Merger/Acquisition,ASX 200,-2.45,212.64,Neutral,Pharmaceuticals,High
Manufacturing PMI data signals economic expansion,Stock Market Crash,IBOVESPA,0.6,355.33,Neutral,Media & Entertainment,High
Mining company stock surges on commodity price boom,Central Bank Meeting,DAX,3.47,136.35,Positive,Agriculture,Medium
Financial sector bracing for new capital requirements,Market Rally,Nikkei 225,3.57,368.41,Negative,Transportation,Medium
Financial services stocks rally on strong profit margins,Regulatory Changes,NSE Nifty,2.18,356.38,Negative,Utilities,Low
Massive stock buyback program announced by a consumer goods company,Consumer Confidence Report,TSX,2.53,360.15,Positive,Automotive,Medium
Government policy shift boosts renewable energy sector,Major Merger/Acquisition,Euro Stoxx 50,-1.94,389.3,Positive,Media & Entertainment,Low
Supply chain issues impact manufacturing sector earnings,Consumer Confidence Report,S&P 500,2.98,486.23,Negative,Finance,Low
Automotive industry faces headwinds from rising material costs,Cryptocurrency Regulation,BSE Sensex,-1.38,238.68,Neutral,Automotive,Medium
Banking stocks dip after a major scandal is revealed,Economic Data Release,DAX,-1.41,44.43,Negative,Finance,High
E-commerce earnings report beats all analyst expectations,Major Merger/Acquisition,Shanghai Composite,2.0,265.73,Neutral,Industrials,Medium
Pharmaceutical company's drug approval drives stock upward,Market Rally,Shanghai Composite,1.48,472.13,Negative,Media & Entertainment,Low
Massive stock buyback program announced by a consumer goods company,Regulatory Changes,Hang Seng,-2.91,464.41,Negative,Industrials,High
Manufacturing PMI data signals economic expansion,Currency Devaluation,Euro Stoxx 50,2.67,404.86,Positive,Healthcare,Medium
Crude oil prices drop to a multi-year low,Unemployment Rate Announcement,KOSPI,-1.05,370.51,Negative,Healthcare,Medium
Aerospace and Defense sector sees rally amid geopolitical tensions,Supply Chain Disruption,FTSE 100,-2.33,194.83,Positive,Energy,Low
Major oil spill sends energy stocks plummeting,Market Rally,ASX 200,1.36,326.26,Positive,Aerospace & Defense,Medium
Government subsidy program gives a lift to the agriculture sector,Trade Tariffs Announcement,Shanghai Composite,-0.37,72.79,Negative,Industrials,Low
Gold prices surge as investors flee riskier assets,Commodity Price Shock,Nasdaq Composite,3.15,447.89,Neutral,Construction,Medium
Media and Entertainment companies report a surge in streaming revenue,Commodity Price Shock,IBOVESPA,-3.46,85.67,Negative,Transportation,Medium
Retail sales report surpasses all forecasts,Geopolitical Event,Nikkei 225,-4.0,29.65,Unknown,Automotive,High
Crude oil prices drop to a multi-year low,Major Merger/Acquisition,Dow Jones,2.71,42.41,Negative,Utilities,High
Mining company stock surges on commodity price boom,Consumer Confidence Report,S&P 500,-2.53,438.19,Neutral,Transportation,High
Semiconductor shortages weigh heavily on tech sector profits,Supply Chain Disruption,Shanghai Composite,-0.11499999999999999,320.95,Negative,Transportation,Medium
Unexpected rise in unemployment fuels market pessimism,Major Merger/Acquisition,ASX 200,3.29,93.42,Negative,Telecommunications,Low
Automotive industry faces headwinds from rising material costs,Market Rally,S&P 500,1.94,224.54,Neutral,Healthcare,Low
New housing data release shows a slowdown in market activity,Cryptocurrency Regulation,Hang Seng,-3.3,219.82,Positive,Real Estate,Medium
Unexpected rise in unemployment fuels market pessimism,Corporate Earnings Report,Dow Jones,0.63,383.31,Neutral,Pharmaceuticals,Medium
Consumer confidence index reaches a decade high,Currency Devaluation,KOSPI,-2.57,96.24,Neutral,Retail,Low
Record-high inflation data rattles investors,Economic Data Release,Nasdaq Composite,-4.27,45.69,Positive,Utilities,Medium
Automotive industry faces headwinds from rising material costs,Government Policy Announcement,S&P/TSX Composite,-0.11499999999999999,38.07,Negative,Retail,High
Tech Giant's New Product Launch Sparks Sector-Wide Gains,Major Merger/Acquisition,Nasdaq Composite,-4.95,116.43,Neutral,Technology,Medium
Government spending bill is expected to stimulate the economy,Regulatory Changes,DAX,3.54,87.66,Positive,Aerospace & Defense,Low
E-commerce earnings report beats all analyst expectations,Economic Data Release,FTSE 100,-1.82,474.83,Positive,Finance,High
China's Shanghai Composite falls after new trade restrictions,Regulatory Changes,Russell 2000,-2.11,485.28,Unknown,Real Estate,Low
A massive data breach sends a tech company's stock tumbling,Bond Market Fluctuation,DAX,-3.32,168.66,Positive,Media & Entertainment,High
Consumer Discretionary stocks outperform as spending increases,Economic Data Release,S&P/TSX Composite,-3.09,429.99,Positive,Materials,Low
Supply chain issues impact manufacturing sector earnings,Inflation Data Release,KOSPI,-0.11499999999999999,357.03,Unknown,Technology,Low
Utilities sector remains stable during market fluctuations,IPO Launch,S&P 500,-1.16,374.05,Negative,Materials,Medium
Major oil spill sends energy stocks plummeting,Inflation Data Release,Nikkei 225,4.09,388.38,Neutral,Real Estate,High
Government policy shift boosts renewable energy sector,Economic Data Release,CAC 40,2.77,200.99,Negative,Healthcare,Low
Central Bank's dovish tone hints at future rate cuts,Market Rally,ASX 200,-1.39,184.69,Negative,Consumer Goods,High
Massive stock buyback program announced by a consumer goods company,Stock Market Crash,IBOVESPA,0.06,287.67,Neutral,Energy,Medium
"Global trade talks collapse, causing market turmoil",Cryptocurrency Regulation,Nikkei 225,4.21,66.99,Positive,Real Estate,High
A massive data breach sends a tech company's stock tumbling,Government Policy Announcement,S&P 500,4.39,258.05,Positive,Aerospace & Defense,Low
Consumer Discretionary stocks outperform as spending increases,Interest Rate Change,NSE Nifty,-1.08,128.66,Positive,Telecommunications,High
Financial services stocks rally on strong profit margins,Geopolitical Event,TSX,-3.53,13.39,Unknown,Consumer Goods,Low
New housing data release shows a slowdown in market activity,Bond Market Fluctuation,Dow Jones,-2.67,316.83,Positive,Healthcare,Medium
UK's FTSE 100 sees a boost from favorable trade data,Government Policy Announcement,Shanghai Composite,-0.11499999999999999,141.86,Positive,Energy,Medium
Nikkei 225 index benefits from a weaker yen,Major Merger/Acquisition,KOSPI,-3.68,369.29,Unknown,Materials,High
Energy company's dividend hike excites shareholders,Inflation Data Release,S&P/TSX Composite,-3.75,327.73,Neutral,Telecommunications,High
Financial sector bracing for new capital requirements,Commodity Price Shock,KOSPI,1.27,294.57,Neutral,Real Estate,High
Quarterly report shows surprising losses for retail giants,IPO Launch,TSX,3.12,413.11,Positive,Media & Entertainment,High
Government spending bill is expected to stimulate the economy,Commodity Price Shock,Russell 2000,3.61,21.86,Negative,Real Estate,Medium
New IPO for a popular software firm is oversubscribed,Regulatory Changes,Nasdaq Composite,1.42,385.31,Positive,Utilities,High
Financial services stocks rally on strong profit margins,Central Bank Meeting,KOSPI,1.6,331.55,Neutral,Real Estate,Medium
Healthcare stocks gain on robust demand and strong outlook,Central Bank Meeting,S&P 500,-1.94,242.87,Negative,Healthcare,Low
Aerospace and Defense sector sees rally amid geopolitical tensions,Supply Chain Disruption,Euro Stoxx 50,4.61,1.88,Neutral,Telecommunications,Medium
Consumer Discretionary stocks outperform as spending increases,Trade Tariffs Announcement,Dow Jones,-2.8,299.57,Neutral,Utilities,High
Pharmaceutical company's drug approval drives stock upward,Unemployment Rate Announcement,DAX,-0.99,210.25,Positive,Media & Entertainment,High
Government policy shift boosts renewable energy sector,Economic Data Release,S&P/TSX Composite,-0.11499999999999999,357.93,Unknown,Real Estate,High
Mining company stock surges on commodity price boom,Currency Devaluation,S&P 500,3.04,53.08,Negative,Retail,Medium
Nikkei 225 index benefits from a weaker yen,Corporate Earnings Report,Nikkei 225,2.91,379.45,Neutral,Retail,Medium
Record-high inflation data rattles investors,Trade Tariffs Announcement,Dow Jones,4.13,188.23,Neutral,Energy,High
Real Estate sector shows signs of overheating as interest rates fall,Government Policy Announcement,Nasdaq Composite,-2.23,314.37,Negative,Materials,Low
Tech Giant's New Product Launch Sparks Sector-Wide Gains,Geopolitical Event,KOSPI,1.14,55.15,Neutral,Utilities,Medium
Bond yields tumble as investors seek safe havens,Cryptocurrency Regulation,Dow Jones,1.75,49.48,Neutral,Construction,High
"Global trade talks collapse, causing market turmoil",Interest Rate Change,Shanghai Composite,-3.46,213.09,Neutral,Pharmaceuticals,Low
Healthcare stocks gain on robust demand and strong outlook,Central Bank Meeting,CAC 40,2.03,33.8,Neutral,Telecommunications,Medium
Manufacturing PMI data signals economic expansion,Stock Market Crash,DAX,-0.05,118.13,Unknown,Agriculture,Medium
Financial sector bracing for new capital requirements,Central Bank Meeting,IBOVESPA,-4.6,42.62,Positive,Consumer Goods,Medium
Semiconductor shortages weigh heavily on tech sector profits,Major Merger/Acquisition,S&P 500,4.91,394.47,Neutral,Media & Entertainment,Low
ASX 200 gains on strong export performance,Bond Market Fluctuation,CAC 40,-4.73,301.11,Negative,Utilities,Medium
Government spending bill is expected to stimulate the economy,Corporate Earnings Report,CAC 40,3.29,241.42,Neutral,Consumer Goods,Low
Banking stocks dip after a major scandal is revealed,Economic Data Release,Russell 2000,0.8,387.74,Negative,Energy,Low
Supply chain issues impact manufacturing sector earnings,Central Bank Meeting,CAC 40,-0.04,412.71,Neutral,Consumer Goods,Low
Unexpected rise in unemployment fuels market pessimism,Major Merger/Acquisition,Russell 2000,4.04,391.8,Neutral,Automotive,Low
New IPO for a popular software firm is oversubscribed,Corporate Earnings Report,IBOVESPA,-3.44,25.42,Positive,Technology,High
New IPO for a popular software firm is oversubscribed,Interest Rate Change,BSE Sensex,3.56,487.14,Positive,Energy,Low
Unexpected rise in unemployment fuels market pessimism,Bond Market Fluctuation,Russell 2000,1.08,389.27,Negative,Real Estate,High
Central Bank's dovish tone hints at future rate cuts,Cryptocurrency Regulation,Nasdaq Composite,-2.08,65.05,Neutral,Transportation,High
Gold prices surge as investors flee riskier assets,Corporate Earnings Report,S&P/TSX Composite,2.7,186.43,Positive,Retail,Medium
Consumer confidence index reaches a decade high,Commodity Price Shock,S&P 500,4.55,401.89,Negative,Media & Entertainment,Low
Utilities sector remains stable during market fluctuations,Stock Market Crash,Dow Jones,4.2,295.96,Negative,Automotive,Low
Consumer confidence index reaches a decade high,Currency Devaluation,DAX,3.19,376.27,Neutral,Media & Entertainment,Low
Government spending bill is expected to stimulate the economy,Economic Data Release,CAC 40,-0.28,182.0,Negative,Construction,High
Real Estate sector shows signs of overheating as interest rates fall,Regulatory Changes,BSE Sensex,1.13,455.28,Positive,Automotive,Medium
Automotive industry faces headwinds from rising material costs,Inflation Data Release,Dow Jones,-0.11499999999999999,443.86,Negative,Automotive,Low
Major oil spill sends energy stocks plummeting,Major Merger/Acquisition,Dow Jones,-2.19,363.53,Negative,Pharmaceuticals,Low
Tech Giant's New Product Launch Sparks Sector-Wide Gains,Bond Market Fluctuation,NSE Nifty,-0.87,105.91,Unknown,Telecommunications,Low
China's Shanghai Composite falls after new trade restrictions,Geopolitical Event,DAX,-2.46,54.53,Neutral,Materials,High
Nikkei 225 index benefits from a weaker yen,Trade Tariffs Announcement,Hang Seng,-0.15,193.36,Negative,Media & Entertainment,High
"Global trade talks collapse, causing market turmoil",Regulatory Changes,BSE Sensex,3.03,396.16,Negative,Real Estate,High
New regulations on cryptocurrencies cause a market dip,Supply Chain Disruption,ASX 200,1.14,293.91,Neutral,Pharmaceuticals,Medium
Automotive industry faces headwinds from rising material costs,Economic Data Release,TSX,-0.19,372.22,Neutral,Transportation,High
UK's FTSE 100 sees a boost from favorable trade data,Economic Data Release,KOSPI,-3.41,408.35,Positive,Technology,Medium
Market sentiment turns positive on vaccine trial results,Stock Market Crash,S&P/TSX Composite,-1.42,341.8,Unknown,Media & Entertainment,Medium
Tech Giant's New Product Launch Sparks Sector-Wide Gains,Market Rally,CAC 40,-2.31,312.88,Negative,Consumer Goods,Low
Dow Jones plunges as market fears recession,Trade Tariffs Announcement,TSX,-1.75,294.92,Unknown,Real Estate,Low
"Global trade talks collapse, causing market turmoil",Stock Market Crash,DAX,-1.26,3.72,Negative,Real Estate,Medium
Government spending bill is expected to stimulate the economy,Market Rally,Hang Seng,2.33,5.84,Negative,Aerospace & Defense,Low
Central Bank's dovish tone hints at future rate cuts,Interest Rate Change,BSE Sensex,4.8,313.41,Neutral,Automotive,Medium
New IPO for a popular software firm is oversubscribed,Economic Data Release,NSE Nifty,2.18,24.39,Neutral,Energy,Low
Semiconductor shortages weigh heavily on tech sector profits,Corporate Earnings Report,IBOVESPA,-1.05,99.4,Neutral,Industrials,High
Market sentiment turns positive on vaccine trial results,Government Policy Announcement,Russell 2000,-1.76,484.34,Negative,Pharmaceuticals,Medium
Nikkei 225 index benefits from a weaker yen,Economic Data Release,S&P/TSX Composite,-4.52,242.78,Positive,Pharmaceuticals,Low
Bond yields tumble as investors seek safe havens,Inflation Data Release,TSX,-0.59,101.06,Neutral,Consumer Goods,High
Market sentiment turns positive on vaccine trial results,Economic Data Release,Nasdaq Composite,-2.07,417.07,Unknown,Energy,Medium
Mining company stock surges on commodity price boom,Central Bank Meeting,NSE Nifty,-0.11499999999999999,71.21,Positive,Consumer Goods,High
Automotive industry faces headwinds from rising material costs,Commodity Price Shock,S&P 500,1.88,332.88,Positive,Construction,High
"Global trade talks collapse, causing market turmoil",Major Merger/Acquisition,S&P 500,-3.08,126.72,Negative,Real Estate,High
"Global trade talks collapse, causing market turmoil",Unemployment Rate Announcement,Russell 2000,-3.78,176.06,Positive,Agriculture,Medium
Utilities sector remains stable during market fluctuations,Supply Chain Disruption,Euro Stoxx 50,-2.45,334.6,Negative,Materials,Medium
UK's FTSE 100 sees a boost from favorable trade data,Commodity Price Shock,FTSE 100,-1.97,434.16,Neutral,Agriculture,Medium
Utilities sector remains stable during market fluctuations,Bond Market Fluctuation,ASX 200,0.64,136.29,Positive,Utilities,Medium
A massive data breach sends a tech company's stock tumbling,Central Bank Meeting,Euro Stoxx 50,2.77,484.87,Unknown,Media & Entertainment,Low
Government policy shift boosts renewable energy sector,Supply Chain Disruption,NSE Nifty,-3.25,112.9,Negative,Aerospace & Defense,Low
UK's FTSE 100 sees a boost from favorable trade data,Stock Market Crash,KOSPI,2.84,194.75,Negative,Pharmaceuticals,Medium
Retail sales report surpasses all forecasts,Government Policy Announcement,Euro Stoxx 50,-0.62,431.3,Negative,Materials,High
Major technology firm acquires a smaller rival in a multi-billion dollar deal,Market Rally,Euro Stoxx 50,-1.8,243.49,Positive,Energy,Medium
Energy company's dividend hike excites shareholders,Supply Chain Disruption,S&P/TSX Composite,-4.69,399.17,Unknown,Media & Entertainment,Low
UK's FTSE 100 sees a boost from favorable trade data,Market Rally,Nasdaq Composite,4.78,334.62,Unknown,Utilities,High
Banking stocks dip after a major scandal is revealed,Regulatory Changes,Nasdaq Composite,-4.07,363.26,Neutral,Consumer Goods,High
New regulations on cryptocurrencies cause a market dip,Unemployment Rate Announcement,BSE Sensex,-0.11499999999999999,235.14,Neutral,Agriculture,Low
Gold prices surge as investors flee riskier assets,Government Policy Announcement,Nikkei 225,-1.12,494.46,Negative,Media & Entertainment,Low
Real Estate sector shows signs of overheating as interest rates fall,Trade Tariffs Announcement,Hang Seng,-1.33,326.14,Unknown,Pharmaceuticals,Low
Dow Jones plunges as market fears recession,Economic Data Release,Dow Jones,4.35,234.74,Negative,Industrials,Low
Consumer confidence index reaches a decade high,Major Merger/Acquisition,Dow Jones,1.57,74.13,Unknown,Industrials,High
Manufacturing PMI data signals economic expansion,Corporate Earnings Report,CAC 40,-2.46,214.35,Negative,Finance,Medium
Mining company stock surges on commodity price boom,Commodity Price Shock,DAX,-0.65,109.32,Negative,Construction,High
Government spending bill is expected to stimulate the economy,Bond Market Fluctuation,Nasdaq Composite,-1.13,467.46,Neutral,Media & Entertainment,Low
Pharmaceutical company's drug approval drives stock upward,Geopolitical Event,DAX,-0.21,275.97,Negative,Materials,Medium
New housing data release shows a slowdown in market activity,Supply Chain Disruption,Hang Seng,-4.49,228.27,Negative,Transportation,Low
Federal Reserve Chairman's speech causes market volatility,Economic Data Release,S&P 500,3.25,291.83,Negative,Finance,Low
Energy company's dividend hike excites shareholders,Commodity Price Shock,S&P/TSX Composite,-0.03,337.09,Neutral,Transportation,High
Manufacturing PMI data signals economic expansion,Commodity Price Shock,S&P 500,4.28,341.74,Negative,Telecommunications,High
Major technology firm acquires a smaller rival in a multi-billion dollar deal,Interest Rate Change,TSX,-3.16,291.14,Positive,Real Estate,Medium
Government subsidy program gives a lift to the agriculture sector,Unemployment Rate Announcement,DAX,0.88,177.9,Negative,Telecommunications,Medium
UK's FTSE 100 sees a boost from favorable trade data,Cryptocurrency Regulation,Dow Jones,-0.45,383.56,Neutral,Finance,Low
Mining company stock surges on commodity price boom,Commodity Price Shock,FTSE 100,0.95,462.08,Positive,Aerospace & Defense,Low
Gold prices surge as investors flee riskier assets,Commodity Price Shock,Dow Jones,4.22,309.02,Positive,Utilities,High
Supply chain issues impact manufacturing sector earnings,IPO Launch,BSE Sensex,-4.93,302.03,Neutral,Retail,Medium
Healthcare stocks gain on robust demand and strong outlook,Interest Rate Change,S&P/TSX Composite,4.35,318.66,Positive,Telecommunications,High
Pharmaceutical company's drug approval drives stock upward,Corporate Earnings Report,DAX,4.22,436.54,Negative,Construction,Low
Mining company stock surges on commodity price boom,Bond Market Fluctuation,CAC 40,-2.7,115.15,Negative,Construction,High
E-commerce earnings report beats all analyst expectations,Corporate Earnings Report,CAC 40,-0.11499999999999999,120.01,Positive,Materials,High
Central Bank Governor signals potential shift in policy,Regulatory Changes,BSE Sensex,0.89,132.11,Negative,Consumer Goods,Medium
Banking stocks dip after a major scandal is revealed,IPO Launch,Nikkei 225,3.79,240.29,Negative,Technology,Low
Merger talks between two banks fall through,Supply Chain Disruption,NSE Nifty,0.44,405.71,Positive,Pharmaceuticals,Low
Unexpected rise in unemployment fuels market pessimism,Regulatory Changes,IBOVESPA,-2.0,413.19,Negative,Materials,Medium
New IPO for a popular software firm is oversubscribed,Interest Rate Change,S&P 500,-2.3,73.3,Neutral,Technology,Low
New housing data release shows a slowdown in market activity,Market Rally,Nikkei 225,-0.42,438.46,Positive,Telecommunications,Low
China's Shanghai Composite falls after new trade restrictions,Government Policy Announcement,Euro Stoxx 50,3.84,346.09,Neutral,Materials,High
Government spending bill is expected to stimulate the economy,Commodity Price Shock,NSE Nifty,-0.18,341.36,Positive,Automotive,Low
Quarterly report shows surprising losses for retail giants,Trade Tariffs Announcement,FTSE 100,-4.1,457.19,Negative,Pharmaceuticals,High
Major technology firm acquires a smaller rival in a multi-billion dollar deal,Market Rally,IBOVESPA,-0.11499999999999999,1.6,Negative,Aerospace & Defense,Low
Market sentiment turns positive on vaccine trial results,Corporate Earnings Report,Shanghai Composite,-2.64,458.57,Negative,Media & Entertainment,Medium
Gold prices surge as investors flee riskier assets,Government Policy Announcement,Shanghai Composite,3.19,166.09,Positive,Aerospace & Defense,Medium
New regulations on cryptocurrencies cause a market dip,Stock Market Crash,IBOVESPA,3.48,41.5,Neutral,Energy,Medium
Energy company's dividend hike excites shareholders,Currency Devaluation,BSE Sensex,2.41,291.77,Neutral,Pharmaceuticals,Low
Federal Reserve Chairman's speech causes market volatility,Currency Devaluation,DAX,-2.84,188.36,Positive,Finance,High
Bond yields tumble as investors seek safe havens,Interest Rate Change,Shanghai Composite,3.43,123.91,Negative,Automotive,Low
Energy company's dividend hike excites shareholders,Corporate Earnings Report,S&P 500,-1.08,115.88,Neutral,Materials,Medium
Federal Reserve Chairman's speech causes market volatility,Major Merger/Acquisition,Hang Seng,-0.37,285.45,Positive,Agriculture,Medium
Market braces for a major policy announcement from the EU,Geopolitical Event,KOSPI,0.31,105.84,Positive,Transportation,Medium
New housing data release shows a slowdown in market activity,Bond Market Fluctuation,Nikkei 225,-0.11499999999999999,473.99,Positive,Materials,Low
Federal Reserve Chairman's speech causes market volatility,Government Policy Announcement,Nikkei 225,0.75,103.34,Neutral,Construction,High
Central Bank Governor signals potential shift in policy,Unemployment Rate Announcement,S&P 500,-1.36,204.76,Negative,Utilities,High
Massive stock buyback program announced by a consumer goods company,Government Policy Announcement,Hang Seng,-0.46,468.13,Neutral,Agriculture,Low
Real Estate sector shows signs of overheating as interest rates fall,Cryptocurrency Regulation,ASX 200,-1.66,426.76,Neutral,Energy,Medium
A massive data breach sends a tech company's stock tumbling,Regulatory Changes,KOSPI,-4.61,484.28,Neutral,Technology,High
Gold prices surge as investors flee riskier assets,Interest Rate Change,S&P 500,3.43,141.98,Positive,Aerospace & Defense,Low
Energy company's dividend hike excites shareholders,Supply Chain Disruption,Hang Seng,-0.45,109.34,Positive,Real Estate,Low
Consumer confidence index reaches a decade high,Major Merger/Acquisition,DAX,-3.77,245.25,Negative,Aerospace & Defense,High
Geopolitical ceasefire prompts a broad market recovery,Central Bank Meeting,Nasdaq Composite,4.21,290.34,Neutral,Telecommunications,Low
Manufacturing PMI data signals economic expansion,Geopolitical Event,DAX,-4.06,279.9,Positive,Utilities,Medium
"Global trade talks collapse, causing market turmoil",Central Bank Meeting,S&P/TSX Composite,4.49,454.97,Positive,Real Estate,Low
Geopolitical ceasefire prompts a broad market recovery,Bond Market Fluctuation,ASX 200,4.02,370.85,Neutral,Retail,Medium
Automotive industry faces headwinds from rising material costs,Commodity Price Shock,ASX 200,-4.04,424.45,Positive,Construction,Medium
Government subsidy program gives a lift to the agriculture sector,Central Bank Meeting,Nasdaq Composite,-2.72,374.47,Negative,Industrials,Medium
Automotive industry faces headwinds from rising material costs,Inflation Data Release,Hang Seng,-4.26,328.45,Positive,Energy,Low
ASX 200 gains on strong export performance,Geopolitical Event,Nikkei 225,-0.05,7.02,Positive,Consumer Goods,Low
China's Shanghai Composite falls after new trade restrictions,Interest Rate Change,Dow Jones,2.38,302.56,Positive,Retail,Low
Central Bank's dovish tone hints at future rate cuts,Commodity Price Shock,NSE Nifty,3.73,302.98,Negative,Aerospace & Defense,Low
Central Bank Governor signals potential shift in policy,IPO Launch,Hang Seng,-4.7,467.91,Negative,Telecommunications,Medium
Gold prices surge as investors flee riskier assets,Economic Data Release,DAX,3.1,151.95,Neutral,Real Estate,Medium
Quarterly report shows surprising losses for retail giants,IPO Launch,Russell 2000,3.44,108.31,Neutral,Finance,Medium
Unexpected rise in unemployment fuels market pessimism,IPO Launch,S&P/TSX Composite,-3.55,215.25,Negative,Finance,Low
Unexpected rise in unemployment fuels market pessimism,Government Policy Announcement,S&P 500,-3.76,473.16,Unknown,Aerospace & Defense,Medium
Semiconductor shortages weigh heavily on tech sector profits,IPO Launch,Nasdaq Composite,-0.3,473.41,Positive,Finance,Medium
Automotive industry faces headwinds from rising material costs,Inflation Data Release,ASX 200,-4.82,342.69,Positive,Consumer Goods,High
Mining company stock surges on commodity price boom,Unemployment Rate Announcement,Hang Seng,2.79,260.03,Negative,Aerospace & Defense,Low
Dow Jones plunges as market fears recession,Economic Data Release,IBOVESPA,3.59,31.7,Negative,Telecommunications,Medium
Geopolitical ceasefire prompts a broad market recovery,Economic Data Release,IBOVESPA,-2.56,31.68,Negative,Industrials,Medium
Manufacturing PMI data signals economic expansion,Trade Tariffs Announcement,TSX,-1.75,205.9,Neutral,Technology,High
Government policy shift boosts renewable energy sector,Stock Market Crash,NSE Nifty,3.66,156.46,Positive,Industrials,Low
Market sentiment turns positive on vaccine trial results,Unemployment Rate Announcement,IBOVESPA,-4.75,499.28,Positive,Energy,Medium
Energy company's dividend hike excites shareholders,Currency Devaluation,FTSE 100,1.83,164.06,Neutral,Automotive,Medium
Financial services stocks rally on strong profit margins,Major Merger/Acquisition,Hang Seng,-0.87,492.67,Negative,Media & Entertainment,Medium
Central bank maintains status quo on interest rates,Supply Chain Disruption,KOSPI,-2.45,233.12,Negative,Automotive,High
China's Shanghai Composite falls after new trade restrictions,Supply Chain Disruption,Euro Stoxx 50,-1.64,123.41,Positive,Media & Entertainment,High
China's Shanghai Composite falls after new trade restrictions,Corporate Earnings Report,Nikkei 225,2.65,309.08,Positive,Telecommunications,High
Supply chain issues impact manufacturing sector earnings,IPO Launch,BSE Sensex,-4.39,81.56,Negative,Pharmaceuticals,Low
Market sentiment turns positive on vaccine trial results,Stock Market Crash,S&P 500,0.8,478.93,Positive,Real Estate,High
Federal Reserve Chairman's speech causes market volatility,Consumer Confidence Report,Shanghai Composite,1.28,49.17,Positive,Telecommunications,High
Supply chain issues impact manufacturing sector earnings,Interest Rate Change,KOSPI,1.22,306.56,Negative,Agriculture,Low
A massive data breach sends a tech company's stock tumbling,Stock Market Crash,Nasdaq Composite,-3.3,160.31,Positive,Telecommunications,Medium
Energy company's dividend hike excites shareholders,Economic Data Release,S&P 500,-0.11499999999999999,127.93,Neutral,Media & Entertainment,Low
Real Estate sector shows signs of overheating as interest rates fall,Commodity Price Shock,Nasdaq Composite,-2.19,141.67,Neutral,Healthcare,Medium
Federal Reserve Chairman's speech causes market volatility,Interest Rate Change,TSX,-4.8,244.98,Positive,Materials,Low
Real Estate sector shows signs of overheating as interest rates fall,Major Merger/Acquisition,TSX,-0.27,51.5,Negative,Materials,Low
Mining company stock surges on commodity price boom,Currency Devaluation,NSE Nifty,-1.81,482.26,Positive,Agriculture,High
Market braces for a major policy announcement from the EU,Bond Market Fluctuation,Shanghai Composite,-3.33,417.97,Negative,Transportation,High
Dow Jones plunges as market fears recession,Geopolitical Event,S&P 500,0.29,316.35,Neutral,Automotive,Medium
Market sentiment turns positive on vaccine trial results,Regulatory Changes,FTSE 100,1.76,28.76,Negative,Technology,Medium
Government policy shift boosts renewable energy sector,Economic Data Release,TSX,-0.11499999999999999,17.0,Positive,Transportation,Low
Quarterly report shows surprising losses for retail giants,Inflation Data Release,S&P 500,4.68,213.61,Unknown,Automotive,Medium
Financial sector bracing for new capital requirements,Interest Rate Change,S&P 500,3.39,415.48,Neutral,Technology,High
Tech Giant's New Product Launch Sparks Sector-Wide Gains,Major Merger/Acquisition,S&P 500,0.9,338.78,Neutral,Utilities,Low
Market braces for a major policy announcement from the EU,Bond Market Fluctuation,Russell 2000,2.04,297.86,Negative,Pharmaceuticals,Low
Market braces for a major policy announcement from the EU,Unemployment Rate Announcement,Russell 2000,-1.0,484.21,Negative,Real Estate,Low
Utilities sector remains stable during market fluctuations,Currency Devaluation,Euro Stoxx 50,3.47,498.34,Negative,Agriculture,Medium
UK's FTSE 100 sees a boost from favorable trade data,Commodity Price Shock,KOSPI,2.67,147.2,Unknown,Pharmaceuticals,Medium
Quarterly report shows surprising losses for retail giants,Unemployment Rate Announcement,TSX,3.84,76.66,Positive,Finance,Medium
Government policy shift boosts renewable energy sector,Interest Rate Change,S&P 500,-0.11499999999999999,359.32,Neutral,Industrials,Medium
Record-high inflation data rattles investors,Trade Tariffs Announcement,S&P 500,-1.47,162.51,Unknown,Retail,Low
ASX 200 gains on strong export performance,Interest Rate Change,S&P/TSX Composite,0.23,237.07,Negative,Technology,High
Record-high inflation data rattles investors,IPO Launch,Shanghai Composite,-3.8,61.67,Positive,Industrials,Medium
Geopolitical ceasefire prompts a broad market recovery,Corporate Earnings Report,Dow Jones,-2.61,199.93,Neutral,Telecommunications,High
Geopolitical ceasefire prompts a broad market recovery,Government Policy Announcement,Russell 2000,2.26,261.78,Neutral,Pharmaceuticals,Medium
Media and Entertainment companies report a surge in streaming revenue,Government Policy Announcement,S&P 500,-2.79,438.2,Neutral,Aerospace & Defense,Medium
Geopolitical ceasefire prompts a broad market recovery,Consumer Confidence Report,Shanghai Composite,2.57,141.37,Negative,Automotive,High
Massive stock buyback program announced by a consumer goods company,Unemployment Rate Announcement,IBOVESPA,2.0,322.86,Positive,Materials,Medium
"Global trade talks collapse, causing market turmoil",Regulatory Changes,IBOVESPA,1.59,465.5,Negative,Materials,Low
Consumer Discretionary stocks outperform as spending increases,Major Merger/Acquisition,Dow Jones,-2.6,19.1,Neutral,Transportation,Medium
New regulations on cryptocurrencies cause a market dip,Interest Rate Change,Hang Seng,-1.53,489.11,Positive,Real Estate,Medium
Gold prices surge as investors flee riskier assets,Supply Chain Disruption,S&P 500,1.17,279.29,Neutral,Industrials,Low
Government policy shift boosts renewable energy sector,Consumer Confidence Report,ASX 200,-1.01,386.61,Positive,Pharmaceuticals,Medium
Federal Reserve Chairman's speech causes market volatility,Market Rally,Dow Jones,3.65,215.24,Negative,Finance,Low
Quarterly report shows surprising losses for retail giants,Corporate Earnings Report,Russell 2000,-4.57,492.83,Neutral,Utilities,High
Merger talks between two banks fall through,Unemployment Rate Announcement,S&P 500,-4.4,408.78,Negative,Transportation,Low
Record-high inflation data rattles investors,Supply Chain Disruption,CAC 40,2.06,298.39,Negative,Construction,Medium
Banking stocks dip after a major scandal is revealed,Corporate Earnings Report,S&P 500,-3.41,330.84,Positive,Technology,High
Merger talks between two banks fall through,Market Rally,S&P 500,1.88,78.04,Positive,Energy,Low
Manufacturing PMI data signals economic expansion,Bond Market Fluctuation,IBOVESPA,-3.23,106.8,Neutral,Energy,Low
A massive data breach sends a tech company's stock tumbling,Central Bank Meeting,Euro Stoxx 50,-1.55,61.87,Negative,Agriculture,Low
Automotive industry faces headwinds from rising material costs,Inflation Data Release,Nikkei 225,-4.7,478.8,Negative,Retail,Low
Government spending bill is expected to stimulate the economy,Cryptocurrency Regulation,ASX 200,0.07,29.08,Positive,Real Estate,Low
New IPO for a popular software firm is oversubscribed,Stock Market Crash,S&P/TSX Composite,-1.51,4.25,Neutral,Automotive,Medium
Market braces for a major policy announcement from the EU,Interest Rate Change,Hang Seng,1.27,407.75,Neutral,Technology,Low
Central bank maintains status quo on interest rates,IPO Launch,TSX,4.47,366.92,Negative,Healthcare,Medium
Government spending bill is expected to stimulate the economy,IPO Launch,DAX,2.33,249.28,Positive,Materials,Low
Media and Entertainment companies report a surge in streaming revenue,Cryptocurrency Regulation,KOSPI,-4.03,252.5,Positive,Retail,Low
Pharmaceutical company's drug approval drives stock upward,Bond Market Fluctuation,Russell 2000,0.02,425.98,Neutral,Automotive,Medium
UK's FTSE 100 sees a boost from favorable trade data,Inflation Data Release,CAC 40,-0.34,172.63,Positive,Construction,Low
Central bank maintains status quo on interest rates,Market Rally,Shanghai Composite,-1.8,233.81,Neutral,Telecommunications,Medium
Geopolitical ceasefire prompts a broad market recovery,Corporate Earnings Report,BSE Sensex,3.65,394.62,Negative,Utilities,Low
Supply chain issues impact manufacturing sector earnings,Major Merger/Acquisition,NSE Nifty,3.97,276.7,Unknown,Consumer Goods,High
Manufacturing PMI data signals economic expansion,Economic Data Release,Russell 2000,4.04,444.41,Neutral,Media & Entertainment,Low
Consumer Discretionary stocks outperform as spending increases,Stock Market Crash,S&P/TSX Composite,-3.02,455.37,Negative,Telecommunications,Low
Central Bank's dovish tone hints at future rate cuts,Geopolitical Event,Dow Jones,-2.69,490.52,Positive,Telecommunications,Low
Dow Jones plunges as market fears recession,Unemployment Rate Announcement,Nikkei 225,1.13,188.44,Unknown,Healthcare,Low
Bond yields tumble as investors seek safe havens,Government Policy Announcement,Euro Stoxx 50,3.95,199.68,Negative,Energy,Medium
Automotive industry faces headwinds from rising material costs,Bond Market Fluctuation,KOSPI,-4.23,159.77,Neutral,Finance,Low
Healthcare stocks gain on robust demand and strong outlook,Currency Devaluation,CAC 40,4.7,489.3,Negative,Telecommunications,Low
Major oil spill sends energy stocks plummeting,Interest Rate Change,CAC 40,4.97,246.45,Positive,Consumer Goods,Medium
Healthcare stocks gain on robust demand and strong outlook,Trade Tariffs Announcement,Euro Stoxx 50,-1.18,197.98,Negative,Pharmaceuticals,Low
Major oil spill sends energy stocks plummeting,Unemployment Rate Announcement,Hang Seng,0.23,118.44,Neutral,Media & Entertainment,Low
Gold prices surge as investors flee riskier assets,Inflation Data Release,IBOVESPA,4.4,330.66,Neutral,Media & Entertainment,Medium
"Global trade talks collapse, causing market turmoil",Geopolitical Event,Nasdaq Composite,-4.61,71.03,Negative,Finance,Medium
A massive data breach sends a tech company's stock tumbling,Commodity Price Shock,Hang Seng,-0.11499999999999999,387.37,Negative,Real Estate,Low
New IPO for a popular software firm is oversubscribed,Regulatory Changes,BSE Sensex,-2.37,112.34,Positive,Aerospace & Defense,Low
Consumer Discretionary stocks outperform as spending increases,Trade Tariffs Announcement,S&P 500,-0.53,63.79,Negative,Real Estate,High
Federal Reserve Chairman's speech causes market volatility,Market Rally,IBOVESPA,-4.05,204.4,Neutral,Automotive,Low
Record-high inflation data rattles investors,Currency Devaluation,Nasdaq Composite,4.79,232.86,Negative,Transportation,Low
Automotive industry faces headwinds from rising material costs,Economic Data Release,FTSE 100,3.62,72.1,Neutral,Construction,Medium
Supply chain issues impact manufacturing sector earnings,Cryptocurrency Regulation,BSE Sensex,0.8,103.06,Negative,Automotive,Low
Nikkei 225 index benefits from a weaker yen,Trade Tariffs Announcement,NSE Nifty,-1.55,241.62,Neutral,Agriculture,Low
Massive stock buyback program announced by a consumer goods company,IPO Launch,Nikkei 225,-1.43,146.7,Positive,Aerospace & Defense,Low
Federal Reserve Chairman's speech causes market volatility,Cryptocurrency Regulation,Euro Stoxx 50,-0.33,73.57,Negative,Healthcare,Low
Supply chain issues impact manufacturing sector earnings,Market Rally,Hang Seng,4.9,466.97,Negative,Healthcare,Medium
Consumer confidence index reaches a decade high,Trade Tariffs Announcement,NSE Nifty,3.18,210.88,Neutral,Technology,High
Crude oil prices drop to a multi-year low,Central Bank Meeting,Russell 2000,-4.52,369.85,Neutral,Utilities,Low
Mining company stock surges on commodity price boom,Geopolitical Event,DAX,-4.68,163.48,Neutral,Energy,Medium
Massive stock buyback program announced by a consumer goods company,Regulatory Changes,ASX 200,2.75,189.36,Positive,Transportation,Medium
New housing data release shows a slowdown in market activity,Supply Chain Disruption,Euro Stoxx 50,-0.11499999999999999,317.45,Positive,Finance,Low
Federal Reserve Chairman's speech causes market volatility,Cryptocurrency Regulation,Russell 2000,1.29,8.14,Neutral,Healthcare,High
Market sentiment turns positive on vaccine trial results,Geopolitical Event,Hang Seng,4.45,127.08,Neutral,Real Estate,High
Banking stocks dip after a major scandal is revealed,Inflation Data Release,Dow Jones,-2.44,25.73,Neutral,Industrials,High
Financial sector bracing for new capital requirements,Stock Market Crash,TSX,-0.11499999999999999,198.91,Negative,Finance,High
Media and Entertainment companies report a surge in streaming revenue,Economic Data Release,ASX 200,-0.84,111.02,Positive,Materials,Low
Merger talks between two banks fall through,Interest Rate Change,TSX,-3.94,106.24,Neutral,Technology,Medium
New housing data release shows a slowdown in market activity,Trade Tariffs Announcement,CAC 40,-1.76,91.36,Neutral,Retail,High
Utilities sector remains stable during market fluctuations,Economic Data Release,ASX 200,2.51,45.19,Neutral,Finance,High
Retail sales report surpasses all forecasts,Central Bank Meeting,S&P/TSX Composite,1.05,155.94,Positive,Agriculture,Medium
Nikkei 225 index benefits from a weaker yen,Geopolitical Event,NSE Nifty,-0.19,249.35,Neutral,Materials,Medium
Massive stock buyback program announced by a consumer goods company,Central Bank Meeting,Dow Jones,1.63,224.13,Neutral,Energy,High
Healthcare stocks gain on robust demand and strong outlook,Interest Rate Change,IBOVESPA,-0.11499999999999999,477.42,Positive,Transportation,Low
China's Shanghai Composite falls after new trade restrictions,Trade Tariffs Announcement,IBOVESPA,1.62,389.81,Positive,Energy,Medium
Utilities sector remains stable during market fluctuations,Supply Chain Disruption,S&P/TSX Composite,1.78,436.36,Neutral,Retail,Medium
Consumer Discretionary stocks outperform as spending increases,Supply Chain Disruption,Shanghai Composite,2.83,178.11,Positive,Retail,Low
Retail sales report surpasses all forecasts,Commodity Price Shock,KOSPI,-3.27,118.23,Negative,Finance,Low
Gold prices surge as investors flee riskier assets,Economic Data Release,IBOVESPA,-1.79,29.42,Positive,Construction,Medium
Massive stock buyback program announced by a consumer goods company,Cryptocurrency Regulation,S&P/TSX Composite,-2.98,199.61,Positive,Materials,Low
UK's FTSE 100 sees a boost from favorable trade data,Central Bank Meeting,S&P/TSX Composite,4.44,448.75,Positive,Retail,Medium
"Global trade talks collapse, causing market turmoil",Currency Devaluation,Russell 2000,3.39,178.29,Negative,Retail,High
Consumer confidence index reaches a decade high,Central Bank Meeting,Euro Stoxx 50,-4.67,59.35,Negative,Pharmaceuticals,Medium
Geopolitical ceasefire prompts a broad market recovery,Commodity Price Shock,FTSE 100,4.68,228.75,Positive,Aerospace & Defense,High
New IPO for a popular software firm is oversubscribed,Geopolitical Event,S&P/TSX Composite,3.95,119.46,Positive,Industrials,High
Healthcare stocks gain on robust demand and strong outlook,Currency Devaluation,Nasdaq Composite,2.22,152.35,Positive,Media & Entertainment,Medium
Geopolitical ceasefire prompts a broad market recovery,Currency Devaluation,ASX 200,-2.77,54.77,Negative,Pharmaceuticals,Medium
Major technology firm acquires a smaller rival in a multi-billion dollar deal,Cryptocurrency Regulation,Nikkei 225,3.37,296.22,Negative,Energy,High
UK's FTSE 100 sees a boost from favorable trade data,Major Merger/Acquisition,Shanghai Composite,-3.69,4.06,Neutral,Pharmaceuticals,Low
Consumer confidence index reaches a decade high,Government Policy Announcement,Euro Stoxx 50,-2.6,329.13,Neutral,Construction,Medium
Retail sales report surpasses all forecasts,Geopolitical Event,S&P 500,3.66,140.88,Negative,Media & Entertainment,Medium
Banking stocks dip after a major scandal is revealed,Market Rally,Hang Seng,-1.51,220.82,Neutral,Utilities,Low
Crude oil prices drop to a multi-year low,Government Policy Announcement,TSX,-0.11499999999999999,302.93,Positive,Healthcare,Low
Utilities sector remains stable during market fluctuations,Commodity Price Shock,KOSPI,-2.6,472.86,Positive,Retail,Medium
Geopolitical ceasefire prompts a broad market recovery,Cryptocurrency Regulation,CAC 40,1.88,306.66,Neutral,Telecommunications,High
Geopolitical ceasefire prompts a broad market recovery,Interest Rate Change,ASX 200,-2.47,377.79,Negative,Materials,High
UK's FTSE 100 sees a boost from favorable trade data,Major Merger/Acquisition,S&P 500,-4.97,136.67,Positive,Materials,Low
Merger talks between two banks fall through,IPO Launch,KOSPI,2.98,270.13,Negative,Utilities,High
Healthcare stocks gain on robust demand and strong outlook,IPO Launch,KOSPI,-0.65,213.39,Neutral,Materials,Medium
Semiconductor shortages weigh heavily on tech sector profits,Major Merger/Acquisition,IBOVESPA,1.3,151.64,Positive,Construction,High
Real Estate sector shows signs of overheating as interest rates fall,Bond Market Fluctuation,TSX,1.78,191.66,Unknown,Transportation,Medium
Unexpected rise in unemployment fuels market pessimism,Currency Devaluation,Russell 2000,-2.1,190.72,Neutral,Utilities,Medium
Market sentiment turns positive on vaccine trial results,Major Merger/Acquisition,TSX,3.67,423.34,Neutral,Energy,Low
Automotive industry faces headwinds from rising material costs,Major Merger/Acquisition,IBOVESPA,2.87,171.81,Negative,Materials,Low
New housing data release shows a slowdown in market activity,Cryptocurrency Regulation,NSE Nifty,-3.48,453.72,Positive,Materials,Low
Pharmaceutical company's drug approval drives stock upward,Consumer Confidence Report,Shanghai Composite,-1.23,37.5,Neutral,Energy,Medium
E-commerce earnings report beats all analyst expectations,Bond Market Fluctuation,KOSPI,-3.37,431.95,Neutral,Agriculture,Low
Consumer confidence index reaches a decade high,Major Merger/Acquisition,S&P/TSX Composite,-4.42,419.11,Positive,Retail,High
"Global trade talks collapse, causing market turmoil",Currency Devaluation,BSE Sensex,3.37,454.36,Positive,Utilities,Medium
Dow Jones plunges as market fears recession,Stock Market Crash,S&P/TSX Composite,-1.67,381.35,Negative,Consumer Goods,Low
Financial services stocks rally on strong profit margins,Cryptocurrency Regulation,Hang Seng,-0.24,51.45,Positive,Retail,High
Energy company's dividend hike excites shareholders,Trade Tariffs Announcement,FTSE 100,3.3,486.5,Unknown,Automotive,High
UK's FTSE 100 sees a boost from favorable trade data,Interest Rate Change,Russell 2000,3.89,468.34,Neutral,Telecommunications,Medium
New regulations on cryptocurrencies cause a market dip,Government Policy Announcement,S&P 500,0.75,461.51,Negative,Real Estate,Low
A massive data breach sends a tech company's stock tumbling,Currency Devaluation,CAC 40,-3.24,180.81,Positive,Energy,Low
Consumer Discretionary stocks outperform as spending increases,Currency Devaluation,S&P/TSX Composite,3.09,305.38,Unknown,Real Estate,Low
Financial services stocks rally on strong profit margins,Geopolitical Event,S&P 500,-3.56,470.44,Negative,Utilities,High
UK's FTSE 100 sees a boost from favorable trade data,Unemployment Rate Announcement,IBOVESPA,-4.97,101.94,Neutral,Healthcare,High
New housing data release shows a slowdown in market activity,Commodity Price Shock,Nikkei 225,-0.46,120.11,Positive,Materials,Medium
Supply chain issues impact manufacturing sector earnings,Corporate Earnings Report,Russell 2000,4.29,72.1,Positive,Construction,High
Financial services stocks rally on strong profit margins,IPO Launch,CAC 40,4.58,42.27,Neutral,Technology,Low
Market braces for a major policy announcement from the EU,IPO Launch,Shanghai Composite,-2.55,224.74,Neutral,Healthcare,Medium
Central bank maintains status quo on interest rates,Geopolitical Event,ASX 200,3.34,90.39,Negative,Media & Entertainment,High
New regulations on cryptocurrencies cause a market dip,Commodity Price Shock,Euro Stoxx 50,-1.82,219.85,Positive,Real Estate,Medium
Mining company stock surges on commodity price boom,Stock Market Crash,FTSE 100,-3.7,343.78,Neutral,Agriculture,Low
Quarterly report shows surprising losses for retail giants,Bond Market Fluctuation,S&P 500,-0.56,384.68,Negative,Industrials,High
Dow Jones plunges as market fears recession,Corporate Earnings Report,ASX 200,0.67,181.9,Neutral,Pharmaceuticals,Low
Energy company's dividend hike excites shareholders,Economic Data Release,TSX,4.51,365.62,Neutral,Construction,Medium
Government subsidy program gives a lift to the agriculture sector,Commodity Price Shock,ASX 200,3.08,124.55,Neutral,Media & Entertainment,Medium
Energy company's dividend hike excites shareholders,Unemployment Rate Announcement,Nasdaq Composite,-3.83,68.53,Positive,Utilities,Low
Semiconductor shortages weigh heavily on tech sector profits,Inflation Data Release,Dow Jones,-2.71,499.6,Negative,Telecommunications,Medium
Merger talks between two banks fall through,Central Bank Meeting,NSE Nifty,-4.8,292.33,Unknown,Technology,Medium
Pharmaceutical company's drug approval drives stock upward,Unemployment Rate Announcement,Russell 2000,-1.14,54.95,Positive,Consumer Goods,Medium
Crude oil prices drop to a multi-year low,Stock Market Crash,DAX,-3.29,56.27,Positive,Materials,High
Healthcare stocks gain on robust demand and strong outlook,Interest Rate Change,Russell 2000,-3.86,214.24,Negative,Materials,Medium
Record-high inflation data rattles investors,Economic Data Release,KOSPI,-3.0,193.03,Negative,Automotive,Low
ASX 200 gains on strong export performance,IPO Launch,Nikkei 225,-4.79,333.17,Negative,Healthcare,Medium
Aerospace and Defense sector sees rally amid geopolitical tensions,Consumer Confidence Report,NSE Nifty,1.85,107.42,Negative,Transportation,Medium
Healthcare stocks gain on robust demand and strong outlook,Major Merger/Acquisition,Nasdaq Composite,-4.56,462.5,Neutral,Automotive,High
Market sentiment turns positive on vaccine trial results,Geopolitical Event,Shanghai Composite,-2.18,445.03,Negative,Utilities,Medium
New IPO for a popular software firm is oversubscribed,Stock Market Crash,Nasdaq Composite,-4.23,119.57,Negative,Healthcare,Low
Automotive industry faces headwinds from rising material costs,Supply Chain Disruption,S&P 500,-0.11499999999999999,359.85,Neutral,Energy,High
Bond yields tumble as investors seek safe havens,Economic Data Release,TSX,0.06,311.49,Neutral,Finance,Low
Healthcare stocks gain on robust demand and strong outlook,Trade Tariffs Announcement,NSE Nifty,-1.44,248.29,Positive,Construction,Low
Record-high inflation data rattles investors,Inflation Data Release,S&P/TSX Composite,4.67,39.55,Negative,Consumer Goods,Medium
Major oil spill sends energy stocks plummeting,IPO Launch,KOSPI,-1.24,383.73,Positive,Construction,High
New IPO for a popular software firm is oversubscribed,Central Bank Meeting,BSE Sensex,4.66,215.03,Negative,Aerospace & Defense,High
Nikkei 225 index benefits from a weaker yen,IPO Launch,NSE Nifty,3.61,122.78,Negative,Retail,Medium
Government policy shift boosts renewable energy sector,Supply Chain Disruption,S&P/TSX Composite,-3.06,179.19,Unknown,Agriculture,Medium
Semiconductor shortages weigh heavily on tech sector profits,Stock Market Crash,IBOVESPA,3.31,290.87,Negative,Healthcare,High
Central Bank's dovish tone hints at future rate cuts,Interest Rate Change,Nikkei 225,-1.36,127.38,Unknown,Automotive,Low
Market sentiment turns positive on vaccine trial results,Interest Rate Change,KOSPI,-4.12,420.19,Positive,Materials,High
New housing data release shows a slowdown in market activity,Unemployment Rate Announcement,KOSPI,-3.24,4.07,Neutral,Technology,High
Banking stocks dip after a major scandal is revealed,Cryptocurrency Regulation,Euro Stoxx 50,-2.35,112.23,Positive,Media & Entertainment,Low
Government spending bill is expected to stimulate the economy,Government Policy Announcement,Russell 2000,3.33,446.41,Positive,Consumer Goods,Medium
Consumer confidence index reaches a decade high,Major Merger/Acquisition,CAC 40,0.48,348.14,Neutral,Materials,Medium
"Global trade talks collapse, causing market turmoil",Corporate Earnings Report,S&P 500,1.98,84.77,Neutral,Construction,Low
Pharmaceutical company's drug approval drives stock upward,Central Bank Meeting,NSE Nifty,3.96,179.92,Positive,Energy,Low
Manufacturing PMI data signals economic expansion,Central Bank Meeting,ASX 200,4.26,483.36,Negative,Media & Entertainment,Low
New IPO for a popular software firm is oversubscribed,Bond Market Fluctuation,Euro Stoxx 50,3.85,305.32,Positive,Aerospace & Defense,High
Record-high inflation data rattles investors,Government Policy Announcement,DAX,-3.89,365.89,Negative,Finance,Low
Quarterly report shows surprising losses for retail giants,Stock Market Crash,ASX 200,2.29,287.88,Positive,Energy,Medium
Retail sales report surpasses all forecasts,Stock Market Crash,IBOVESPA,0.9,425.69,Negative,Construction,Medium
Central Bank Governor signals potential shift in policy,Central Bank Meeting,Russell 2000,-1.41,109.02,Negative,Media & Entertainment,Medium
Semiconductor shortages weigh heavily on tech sector profits,Bond Market Fluctuation,DAX,3.06,263.33,Positive,Technology,High
Record-high inflation data rattles investors,Bond Market Fluctuation,IBOVESPA,4.75,473.72,Negative,Technology,Medium
Quarterly report shows surprising losses for retail giants,Corporate Earnings Report,Shanghai Composite,1.54,134.13,Positive,Media & Entertainment,High
Semiconductor shortages weigh heavily on tech sector profits,IPO Launch,Shanghai Composite,1.03,321.51,Negative,Consumer Goods,Medium
Unexpected rise in unemployment fuels market pessimism,Economic Data Release,KOSPI,0.42,179.35,Negative,Telecommunications,High
Banking stocks dip after a major scandal is revealed,Government Policy Announcement,Hang Seng,-3.77,370.85,Negative,Consumer Goods,Medium
New IPO for a popular software firm is oversubscribed,Bond Market Fluctuation,Nikkei 225,-0.11499999999999999,187.5,Neutral,Real Estate,Low
Government subsidy program gives a lift to the agriculture sector,Unemployment Rate Announcement,Russell 2000,2.37,185.5,Neutral,Pharmaceuticals,Medium
Financial sector bracing for new capital requirements,Trade Tariffs Announcement,Dow Jones,-3.31,73.57,Neutral,Agriculture,High
Manufacturing PMI data signals economic expansion,Stock Market Crash,Euro Stoxx 50,0.08,480.56,Negative,Utilities,Medium
UK's FTSE 100 sees a boost from favorable trade data,Trade Tariffs Announcement,TSX,-4.4,276.09,Negative,Materials,High
Consumer confidence index reaches a decade high,Government Policy Announcement,Dow Jones,-1.76,317.71,Neutral,Energy,High
China's Shanghai Composite falls after new trade restrictions,Geopolitical Event,Dow Jones,1.53,215.86,Neutral,Technology,Low
Semiconductor shortages weigh heavily on tech sector profits,Inflation Data Release,ASX 200,-1.93,474.49,Positive,Telecommunications,High
New IPO for a popular software firm is oversubscribed,Consumer Confidence Report,FTSE 100,-0.09,10.85,Neutral,Real Estate,Medium
Dow Jones plunges as market fears recession,Economic Data Release,DAX,-1.29,106.68,Neutral,Retail,High
Dow Jones plunges as market fears recession,Trade Tariffs Announcement,S&P/TSX Composite,1.22,442.21,Neutral,Transportation,Medium
Federal Reserve Chairman's speech causes market volatility,Market Rally,ASX 200,-4.28,106.71,Neutral,Automotive,Medium
Consumer confidence index reaches a decade high,Market Rally,S&P 500,-1.22,478.01,Negative,Automotive,Low
Government policy shift boosts renewable energy sector,Economic Data Release,IBOVESPA,-3.57,480.73,Neutral,Media & Entertainment,High
Government policy shift boosts renewable energy sector,Supply Chain Disruption,S&P/TSX Composite,-3.17,465.0,Neutral,Transportation,Low
New housing data release shows a slowdown in market activity,Market Rally,S&P 500,-0.3,270.92,Neutral,Utilities,Low
Market braces for a major policy announcement from the EU,Government Policy Announcement,S&P 500,-4.67,365.72,Negative,Real Estate,Medium
Energy company's dividend hike excites shareholders,Interest Rate Change,Dow Jones,-3.34,431.23,Negative,Automotive,Medium
Central Bank's dovish tone hints at future rate cuts,Cryptocurrency Regulation,FTSE 100,0.87,416.57,Neutral,Finance,High
A massive data breach sends a tech company's stock tumbling,Regulatory Changes,Nasdaq Composite,4.59,495.21,Neutral,Transportation,High
E-commerce earnings report beats all analyst expectations,Inflation Data Release,S&P 500,-2.61,473.81,Positive,Construction,Low
Market braces for a major policy announcement from the EU,Economic Data Release,Dow Jones,-3.07,311.22,Unknown,Media & Entertainment,High
Crude oil prices drop to a multi-year low,Market Rally,BSE Sensex,-1.04,213.23,Positive,Media & Entertainment,Low
New housing data release shows a slowdown in market activity,Supply Chain Disruption,NSE Nifty,4.17,238.94,Unknown,Transportation,High
Mining company stock surges on commodity price boom,Unemployment Rate Announcement,IBOVESPA,-4.85,184.09,Neutral,Telecommunications,Medium
Geopolitical ceasefire prompts a broad market recovery,Geopolitical Event,Dow Jones,2.18,94.03,Neutral,Aerospace & Defense,Medium
Manufacturing PMI data signals economic expansion,Central Bank Meeting,Hang Seng,1.72,333.11,Positive,Technology,Medium
Government subsidy program gives a lift to the agriculture sector,Major Merger/Acquisition,DAX,0.62,27.28,Neutral,Aerospace & Defense,High
Financial services stocks rally on strong profit margins,Government Policy Announcement,Nikkei 225,-2.63,488.63,Negative,Technology,Medium
Real Estate sector shows signs of overheating as interest rates fall,Cryptocurrency Regulation,NSE Nifty,3.64,432.32,Neutral,Utilities,Medium
Supply chain issues impact manufacturing sector earnings,Major Merger/Acquisition,KOSPI,4.32,139.82,Positive,Healthcare,Low
Consumer Discretionary stocks outperform as spending increases,IPO Launch,KOSPI,-1.91,270.29,Neutral,Transportation,High
ASX 200 gains on strong export performance,Corporate Earnings Report,NSE Nifty,1.56,11.76,Neutral,Technology,High
Aerospace and Defense sector sees rally amid geopolitical tensions,Inflation Data Release,BSE Sensex,2.99,480.22,Neutral,Telecommunications,Low
Real Estate sector shows signs of overheating as interest rates fall,Unemployment Rate Announcement,FTSE 100,-1.18,2.54,Negative,Healthcare,High
Geopolitical ceasefire prompts a broad market recovery,Trade Tariffs Announcement,Dow Jones,-0.11499999999999999,486.01,Neutral,Media & Entertainment,Medium
Real Estate sector shows signs of overheating as interest rates fall,Corporate Earnings Report,BSE Sensex,-2.84,208.77,Negative,Technology,Medium
E-commerce earnings report beats all analyst expectations,Inflation Data Release,Shanghai Composite,1.15,77.29,Positive,Industrials,High
Tech Giant's New Product Launch Sparks Sector-Wide Gains,Central Bank Meeting,TSX,-4.37,108.31,Negative,Retail,High
Mining company stock surges on commodity price boom,Central Bank Meeting,S&P/TSX Composite,-0.11499999999999999,204.52,Positive,Media & Entertainment,Medium
ASX 200 gains on strong export performance,Inflation Data Release,DAX,1.04,45.03,Negative,Retail,Low
Gold prices surge as investors flee riskier assets,Consumer Confidence Report,Shanghai Composite,0.43,463.86,Neutral,Healthcare,Medium
New regulations on cryptocurrencies cause a market dip,Government Policy Announcement,TSX,1.82,179.64,Negative,Media & Entertainment,Medium
Market sentiment turns positive on vaccine trial results,Market Rally,TSX,-4.2,485.96,Neutral,Construction,High
Record-high inflation data rattles investors,Economic Data Release,Shanghai Composite,-0.05,41.92,Neutral,Energy,Medium
Major technology firm acquires a smaller rival in a multi-billion dollar deal,Corporate Earnings Report,Euro Stoxx 50,-2.27,183.97,Unknown,Consumer Goods,Low
Major oil spill sends energy stocks plummeting,Economic Data Release,Euro Stoxx 50,0.49,68.44,Positive,Materials,Medium
Major oil spill sends energy stocks plummeting,Interest Rate Change,TSX,-3.83,28.62,Negative,Consumer Goods,High
Market braces for a major policy announcement from the EU,Central Bank Meeting,Hang Seng,-0.49,361.02,Positive,Real Estate,High
Financial services stocks rally on strong profit margins,Commodity Price Shock,CAC 40,4.94,405.23,Positive,Agriculture,High
Unexpected rise in unemployment fuels market pessimism,Consumer Confidence Report,ASX 200,1.69,27.3,Negative,Consumer Goods,Medium
Major oil spill sends energy stocks plummeting,Corporate Earnings Report,DAX,2.32,245.28,Negative,Automotive,Medium
Gold prices surge as investors flee riskier assets,Economic Data Release,NSE Nifty,-3.77,404.95,Positive,Finance,Low
Pharmaceutical company's drug approval drives stock upward,Unemployment Rate Announcement,Hang Seng,-1.58,307.3,Negative,Consumer Goods,Low
Banking stocks dip after a major scandal is revealed,Commodity Price Shock,DAX,-4.3,128.21,Neutral,Industrials,Medium
Aerospace and Defense sector sees rally amid geopolitical tensions,Inflation Data Release,FTSE 100,-4.34,83.57,Negative,Pharmaceuticals,Medium
Government spending bill is expected to stimulate the economy,Interest Rate Change,KOSPI,4.89,315.65,Neutral,Technology,Medium
Real Estate sector shows signs of overheating as interest rates fall,Trade Tariffs Announcement,CAC 40,-3.0,463.36,Positive,Finance,Medium
Semiconductor shortages weigh heavily on tech sector profits,Regulatory Changes,CAC 40,1.36,440.83,Negative,Agriculture,Medium
Dow Jones plunges as market fears recession,Interest Rate Change,Nasdaq Composite,-2.45,355.31,Positive,Technology,Medium
Major technology firm acquires a smaller rival in a multi-billion dollar deal,Commodity Price Shock,Russell 2000,-3.22,161.85,Negative,Telecommunications,High
E-commerce earnings report beats all analyst expectations,IPO Launch,Dow Jones,-1.19,259.6,Negative,Agriculture,High
Massive stock buyback program announced by a consumer goods company,Market Rally,TSX,-2.97,234.22,Positive,Technology,Low
Aerospace and Defense sector sees rally amid geopolitical tensions,Government Policy Announcement,CAC 40,3.52,423.44,Neutral,Media & Entertainment,Low
Automotive industry faces headwinds from rising material costs,Market Rally,TSX,0.73,107.58,Neutral,Transportation,Medium
Central bank maintains status quo on interest rates,Corporate Earnings Report,Nikkei 225,0.2,316.37,Unknown,Telecommunications,Low
"Global trade talks collapse, causing market turmoil",Cryptocurrency Regulation,DAX,-1.83,250.03,Positive,Automotive,Medium
Crude oil prices drop to a multi-year low,Corporate Earnings Report,Nikkei 225,4.42,35.22,Neutral,Pharmaceuticals,Low
Utilities sector remains stable during market fluctuations,Supply Chain Disruption,Russell 2000,2.48,132.7,Neutral,Finance,High
Energy company's dividend hike excites shareholders,Bond Market Fluctuation,FTSE 100,-3.9,482.35,Negative,Agriculture,Medium
A massive data breach sends a tech company's stock tumbling,Unemployment Rate Announcement,Nikkei 225,3.91,189.7,Positive,Telecommunications,Low
Real Estate sector shows signs of overheating as interest rates fall,IPO Launch,ASX 200,2.81,462.68,Positive,Automotive,High
Healthcare stocks gain on robust demand and strong outlook,Bond Market Fluctuation,IBOVESPA,-2.79,449.58,Neutral,Materials,Medium
ASX 200 gains on strong export performance,Trade Tariffs Announcement,ASX 200,2.0,212.08,Positive,Transportation,Medium
Real Estate sector shows signs of overheating as interest rates fall,Unemployment Rate Announcement,S&P/TSX Composite,4.97,394.21,Negative,Agriculture,Low
UK's FTSE 100 sees a boost from favorable trade data,Government Policy Announcement,Euro Stoxx 50,-1.75,340.66,Neutral,Finance,Medium
Geopolitical ceasefire prompts a broad market recovery,IPO Launch,FTSE 100,0.58,415.52,Positive,Media & Entertainment,Low
Media and Entertainment companies report a surge in streaming revenue,Central Bank Meeting,S&P 500,0.88,154.2,Negative,Real Estate,High
Dow Jones plunges as market fears recession,Stock Market Crash,ASX 200,-1.33,394.91,Neutral,Industrials,High
Crude oil prices drop to a multi-year low,Interest Rate Change,Dow Jones,-3.81,422.17,Neutral,Technology,High
Market sentiment turns positive on vaccine trial results,Cryptocurrency Regulation,DAX,1.26,140.58,Neutral,Aerospace & Defense,Medium
Government subsidy program gives a lift to the agriculture sector,Geopolitical Event,TSX,-4.63,384.35,Positive,Technology,High
New regulations on cryptocurrencies cause a market dip,Currency Devaluation,Dow Jones,0.79,274.58,Positive,Healthcare,Low
China's Shanghai Composite falls after new trade restrictions,Supply Chain Disruption,Shanghai Composite,-4.13,194.81,Positive,Transportation,Medium
Real Estate sector shows signs of overheating as interest rates fall,Bond Market Fluctuation,DAX,2.15,316.84,Neutral,Construction,High
Merger talks between two banks fall through,Unemployment Rate Announcement,Dow Jones,0.1,258.33,Positive,Construction,Medium
A massive data breach sends a tech company's stock tumbling,Bond Market Fluctuation,Shanghai Composite,-0.11499999999999999,47.66,Negative,Agriculture,Low
Government subsidy program gives a lift to the agriculture sector,Geopolitical Event,Nasdaq Composite,3.66,470.48,Negative,Automotive,High
Utilities sector remains stable during market fluctuations,Market Rally,Shanghai Composite,-1.34,173.06,Negative,Retail,Medium
Crude oil prices drop to a multi-year low,Commodity Price Shock,FTSE 100,-2.83,258.36,Negative,Pharmaceuticals,Medium
Manufacturing PMI data signals economic expansion,Geopolitical Event,KOSPI,-1.11,451.15,Neutral,Finance,Low
Central Bank's dovish tone hints at future rate cuts,Market Rally,ASX 200,-3.65,397.78,Negative,Utilities,Low
Record-high inflation data rattles investors,Corporate Earnings Report,Dow Jones,4.68,352.32,Neutral,Finance,Medium
Energy company's dividend hike excites shareholders,Major Merger/Acquisition,Dow Jones,3.16,317.93,Negative,Real Estate,High
Market braces for a major policy announcement from the EU,Commodity Price Shock,Dow Jones,3.37,424.76,Positive,Agriculture,High
Media and Entertainment companies report a surge in streaming revenue,Market Rally,Hang Seng,-3.58,488.85,Negative,Media & Entertainment,High
"Global trade talks collapse, causing market turmoil",Supply Chain Disruption,Nasdaq Composite,1.49,47.48,Neutral,Consumer Goods,Low
Central Bank Governor signals potential shift in policy,Major Merger/Acquisition,ASX 200,3.23,154.87,Negative,Industrials,Low
Tech Giant's New Product Launch Sparks Sector-Wide Gains,Cryptocurrency Regulation,Dow Jones,-2.88,241.25,Negative,Construction,Low
Financial services stocks rally on strong profit margins,Commodity Price Shock,Nikkei 225,-0.11499999999999999,439.31,Neutral,Aerospace & Defense,Low
ASX 200 gains on strong export performance,Corporate Earnings Report,Nasdaq Composite,-3.84,366.16,Neutral,Finance,High
Market sentiment turns positive on vaccine trial results,Stock Market Crash,Shanghai Composite,-2.34,84.12,Unknown,Pharmaceuticals,Low
Tech Giant's New Product Launch Sparks Sector-Wide Gains,Unemployment Rate Announcement,FTSE 100,-2.62,416.49,Positive,Industrials,High
Market braces for a major policy announcement from the EU,IPO Launch,Hang Seng,-2.04,129.71,Positive,Energy,High
Federal Reserve Chairman's speech causes market volatility,Central Bank Meeting,S&P 500,-0.11499999999999999,331.12,Negative,Energy,Medium
China's Shanghai Composite falls after new trade restrictions,Economic Data Release,CAC 40,-4.16,470.01,Positive,Technology,High
Energy company's dividend hike excites shareholders,Cryptocurrency Regulation,S&P 500,4.51,325.76,Negative,Automotive,Medium
Crude oil prices drop to a multi-year low,Corporate Earnings Report,Russell 2000,-1.88,274.27,Negative,Media & Entertainment,Medium
Record-high inflation data rattles investors,Major Merger/Acquisition,FTSE 100,-4.37,87.34,Negative,Technology,Low
Pharmaceutical company's drug approval drives stock upward,Central Bank Meeting,S&P 500,3.27,457.02,Negative,Consumer Goods,High
E-commerce earnings report beats all analyst expectations,Corporate Earnings Report,Euro Stoxx 50,-0.49,491.62,Negative,Retail,Low
Consumer Discretionary stocks outperform as spending increases,Supply Chain Disruption,Russell 2000,4.99,176.58,Positive,Utilities,High
E-commerce earnings report beats all analyst expectations,Consumer Confidence Report,S&P/TSX Composite,1.88,96.52,Neutral,Transportation,Medium
Automotive industry faces headwinds from rising material costs,Interest Rate Change,Hang Seng,1.51,98.41,Negative,Healthcare,High
Major oil spill sends energy stocks plummeting,Unemployment Rate Announcement,FTSE 100,1.48,451.49,Neutral,Media & Entertainment,High
ASX 200 gains on strong export performance,Stock Market Crash,S&P 500,2.3,58.05,Negative,Agriculture,Medium
Consumer confidence index reaches a decade high,Interest Rate Change,ASX 200,3.59,193.95,Neutral,Pharmaceuticals,High
Financial services stocks rally on strong profit margins,Currency Devaluation,Russell 2000,0.24,17.83,Neutral,Consumer Goods,Medium
Energy company's dividend hike excites shareholders,Corporate Earnings Report,S&P 500,0.58,355.33,Negative,Real Estate,Medium
Semiconductor shortages weigh heavily on tech sector profits,Trade Tariffs Announcement,TSX,-1.54,173.19,Negative,Healthcare,High
Aerospace and Defense sector sees rally amid geopolitical tensions,Unemployment Rate Announcement,Shanghai Composite,-0.14,456.4,Neutral,Automotive,Medium
E-commerce earnings report beats all analyst expectations,Market Rally,KOSPI,-1.03,427.76,Negative,Transportation,Medium
Financial services stocks rally on strong profit margins,Consumer Confidence Report,CAC 40,3.13,373.73,Positive,Retail,Low
Mining company stock surges on commodity price boom,Supply Chain Disruption,NSE Nifty,-4.96,281.52,Negative,Industrials,Medium
Mining company stock surges on commodity price boom,Regulatory Changes,ASX 200,2.17,18.98,Neutral,Retail,High
Aerospace and Defense sector sees rally amid geopolitical tensions,Consumer Confidence Report,IBOVESPA,2.12,37.72,Neutral,Automotive,High
Retail sales report surpasses all forecasts,Inflation Data Release,IBOVESPA,-4.02,273.11,Positive,Media & Entertainment,Medium
Manufacturing PMI data signals economic expansion,Government Policy Announcement,DAX,-2.45,396.26,Positive,Telecommunications,Low
Central Bank Governor signals potential shift in policy,Market Rally,Nasdaq Composite,-0.11499999999999999,42.52,Neutral,Materials,Medium
Gold prices surge as investors flee riskier assets,Cryptocurrency Regulation,S&P/TSX Composite,3.57,44.78,Neutral,Technology,High
Manufacturing PMI data signals economic expansion,Economic Data Release,S&P 500,-0.76,308.44,Unknown,Retail,Medium
Manufacturing PMI data signals economic expansion,Unemployment Rate Announcement,CAC 40,1.95,359.84,Positive,Materials,Medium
New IPO for a popular software firm is oversubscribed,Major Merger/Acquisition,BSE Sensex,0.32,215.13,Negative,Finance,Medium
Consumer Discretionary stocks outperform as spending increases,Cryptocurrency Regulation,KOSPI,-0.48,289.69,Positive,Technology,Low
Financial sector bracing for new capital requirements,Trade Tariffs Announcement,CAC 40,3.66,425.01,Positive,Consumer Goods,Medium
Financial services stocks rally on strong profit margins,Consumer Confidence Report,S&P 500,0.95,157.86,Negative,Real Estate,Medium
China's Shanghai Composite falls after new trade restrictions,Government Policy Announcement,TSX,-0.67,310.13,Negative,Finance,Medium
Market sentiment turns positive on vaccine trial results,Stock Market Crash,NSE Nifty,-1.07,185.85,Neutral,Media & Entertainment,High
Nikkei 225 index benefits from a weaker yen,Inflation Data Release,CAC 40,2.38,420.65,Neutral,Technology,Low
Gold prices surge as investors flee riskier assets,Commodity Price Shock,S&P/TSX Composite,-2.19,448.56,Unknown,Pharmaceuticals,High
Government spending bill is expected to stimulate the economy,Stock Market Crash,CAC 40,2.09,221.56,Positive,Retail,Medium
Federal Reserve Chairman's speech causes market volatility,Cryptocurrency Regulation,NSE Nifty,-0.52,320.21,Positive,Agriculture,Low
Mining company stock surges on commodity price boom,Consumer Confidence Report,CAC 40,-1.06,355.42,Positive,Aerospace & Defense,Medium
Tech Giant's New Product Launch Sparks Sector-Wide Gains,Currency Devaluation,ASX 200,2.61,111.46,Neutral,Consumer Goods,Medium
Federal Reserve Chairman's speech causes market volatility,Corporate Earnings Report,Shanghai Composite,0.71,312.79,Positive,Real Estate,High
Unexpected rise in unemployment fuels market pessimism,Commodity Price Shock,CAC 40,-0.11499999999999999,33.83,Neutral,Real Estate,Medium
Government policy shift boosts renewable energy sector,Central Bank Meeting,S&P/TSX Composite,-0.64,302.19,Unknown,Technology,Low
Semiconductor shortages weigh heavily on tech sector profits,Trade Tariffs Announcement,KOSPI,3.65,124.19,Positive,Telecommunications,High
New regulations on cryptocurrencies cause a market dip,Commodity Price Shock,Nasdaq Composite,2.4,358.72,Negative,Construction,Medium
"Global trade talks collapse, causing market turmoil",Economic Data Release,FTSE 100,0.7,297.02,Positive,Energy,Medium
Semiconductor shortages weigh heavily on tech sector profits,Interest Rate Change,CAC 40,1.33,32.79,Neutral,Industrials,Medium
Major oil spill sends energy stocks plummeting,Trade Tariffs Announcement,Shanghai Composite,-1.42,147.03,Positive,Agriculture,High
Market sentiment turns positive on vaccine trial results,IPO Launch,CAC 40,1.99,33.73,Neutral,Retail,High
Central Bank's dovish tone hints at future rate cuts,Commodity Price Shock,Shanghai Composite,-0.11499999999999999,450.77,Positive,Pharmaceuticals,Medium
Federal Reserve Chairman's speech causes market volatility,Market Rally,NSE Nifty,2.24,194.4,Neutral,Agriculture,Medium
Market sentiment turns positive on vaccine trial results,Trade Tariffs Announcement,Euro Stoxx 50,2.26,194.9,Positive,Retail,Medium
Market sentiment turns positive on vaccine trial results,Interest Rate Change,NSE Nifty,-1.48,479.46,Neutral,Transportation,Low
Nikkei 225 index benefits from a weaker yen,Regulatory Changes,TSX,-0.25,197.32,Negative,Retail,Low
E-commerce earnings report beats all analyst expectations,Economic Data Release,FTSE 100,-0.11499999999999999,224.9,Negative,Healthcare,Medium
Government spending bill is expected to stimulate the economy,IPO Launch,CAC 40,-3.62,370.38,Positive,Transportation,Medium
Government policy shift boosts renewable energy sector,IPO Launch,S&P 500,0.42,273.05,Positive,Real Estate,Low
Central Bank's dovish tone hints at future rate cuts,Currency Devaluation,Russell 2000,-1.59,63.42,Positive,Consumer Goods,Low
UK's FTSE 100 sees a boost from favorable trade data,Stock Market Crash,Nikkei 225,-2.7,325.21,Neutral,Construction,High
New regulations on cryptocurrencies cause a market dip,Consumer Confidence Report,KOSPI,3.07,296.92,Positive,Technology,Low
Federal Reserve Chairman's speech causes market volatility,Unemployment Rate Announcement,NSE Nifty,-3.41,152.02,Neutral,Energy,Medium
ASX 200 gains on strong export performance,Commodity Price Shock,Euro Stoxx 50,-2.15,464.65,Unknown,Consumer Goods,Medium
Geopolitical ceasefire prompts a broad market recovery,Currency Devaluation,ASX 200,4.23,53.56,Positive,Agriculture,High
Dow Jones plunges as market fears recession,Inflation Data Release,BSE Sensex,-0.04,392.32,Neutral,Consumer Goods,Low
Central Bank Governor signals potential shift in policy,Consumer Confidence Report,S&P 500,-4.19,24.15,Neutral,Telecommunications,Low
Market braces for a major policy announcement from the EU,Government Policy Announcement,Shanghai Composite,-0.31,372.01,Neutral,Finance,Low
Tech Giant's New Product Launch Sparks Sector-Wide Gains,Inflation Data Release,FTSE 100,-4.4,273.99,Neutral,Agriculture,High
Financial sector bracing for new capital requirements,Economic Data Release,S&P 500,-4.39,332.75,Negative,Technology,Low
Consumer Discretionary stocks outperform as spending increases,Consumer Confidence Report,S&P 500,-4.43,164.73,Negative,Materials,High
Media and Entertainment companies report a surge in streaming revenue,Geopolitical Event,BSE Sensex,2.43,478.5,Unknown,Pharmaceuticals,Low
Merger talks between two banks fall through,Economic Data Release,Nasdaq Composite,-0.46,188.26,Positive,Aerospace & Defense,Medium
Real Estate sector shows signs of overheating as interest rates fall,Stock Market Crash,KOSPI,4.74,177.21,Negative,Telecommunications,High
Consumer Discretionary stocks outperform as spending increases,Economic Data Release,CAC 40,2.43,158.15,Positive,Telecommunications,Medium
New IPO for a popular software firm is oversubscribed,Corporate Earnings Report,Nikkei 225,1.45,343.87,Negative,Construction,Low
Tech Giant's New Product Launch Sparks Sector-Wide Gains,Government Policy Announcement,CAC 40,-2.65,37.26,Positive,Agriculture,Medium
Utilities sector remains stable during market fluctuations,Unemployment Rate Announcement,S&P 500,3.73,486.34,Negative,Agriculture,Low
Mining company stock surges on commodity price boom,Interest Rate Change,Hang Seng,-0.11499999999999999,10.37,Neutral,Real Estate,Low
Healthcare stocks gain on robust demand and strong outlook,Market Rally,FTSE 100,-4.95,404.57,Neutral,Technology,Low
Media and Entertainment companies report a surge in streaming revenue,Stock Market Crash,ASX 200,0.42,323.15,Negative,Real Estate,Low
China's Shanghai Composite falls after new trade restrictions,Government Policy Announcement,TSX,2.48,443.28,Positive,Utilities,Medium
Banking stocks dip after a major scandal is revealed,Bond Market Fluctuation,FTSE 100,3.22,385.06,Negative,Construction,Medium
Banking stocks dip after a major scandal is revealed,Stock Market Crash,IBOVESPA,0.94,369.55,Negative,Aerospace & Defense,Low
Consumer Discretionary stocks outperform as spending increases,Government Policy Announcement,Hang Seng,-4.94,244.06,Negative,Consumer Goods,Medium
Supply chain issues impact manufacturing sector earnings,Currency Devaluation,NSE Nifty,-1.04,418.03,Positive,Industrials,High
ASX 200 gains on strong export performance,Unemployment Rate Announcement,KOSPI,0.78,227.71,Neutral,Construction,Medium
Central Bank's dovish tone hints at future rate cuts,Interest Rate Change,ASX 200,2.27,333.69,Neutral,Pharmaceuticals,Medium
ASX 200 gains on strong export performance,Trade Tariffs Announcement,ASX 200,3.16,365.43,Negative,Telecommunications,Medium
Real Estate sector shows signs of overheating as interest rates fall,Stock Market Crash,Hang Seng,-0.02,24.06,Neutral,Agriculture,Low
Real Estate sector shows signs of overheating as interest rates fall,Major Merger/Acquisition,NSE Nifty,-3.86,242.03,Positive,Technology,High
Automotive industry faces headwinds from rising material costs,Market Rally,CAC 40,-2.05,474.57,Positive,Aerospace & Defense,High
Tech Giant's New Product Launch Sparks Sector-Wide Gains,Inflation Data Release,CAC 40,2.17,137.67,Neutral,Aerospace & Defense,Medium
Media and Entertainment companies report a surge in streaming revenue,Supply Chain Disruption,Nasdaq Composite,4.93,331.63,Negative,Healthcare,High
Merger talks between two banks fall through,Interest Rate Change,CAC 40,-1.46,10.19,Neutral,Aerospace & Defense,Medium
Merger talks between two banks fall through,Commodity Price Shock,DAX,4.3,220.09,Positive,Finance,Low
ASX 200 gains on strong export performance,Interest Rate Change,BSE Sensex,-3.8,452.09,Positive,Utilities,Medium
Automotive industry faces headwinds from rising material costs,Central Bank Meeting,DAX,-0.85,364.62,Positive,Automotive,Low
Financial sector bracing for new capital requirements,Commodity Price Shock,IBOVESPA,0.81,43.31,Neutral,Technology,Medium
Major technology firm acquires a smaller rival in a multi-billion dollar deal,Market Rally,DAX,-3.65,136.75,Negative,Industrials,High
E-commerce earnings report beats all analyst expectations,Unemployment Rate Announcement,ASX 200,1.57,3.16,Positive,Finance,High
New IPO for a popular software firm is oversubscribed,Inflation Data Release,Dow Jones,-2.24,498.74,Neutral,Construction,Medium
Pharmaceutical company's drug approval drives stock upward,Government Policy Announcement,Euro Stoxx 50,-0.11499999999999999,27.48,Neutral,Healthcare,Medium
Unexpected rise in unemployment fuels market pessimism,Corporate Earnings Report,CAC 40,1.12,14.41,Positive,Aerospace & Defense,High
Media and Entertainment companies report a surge in streaming revenue,Currency Devaluation,Russell 2000,-0.11499999999999999,109.12,Negative,Agriculture,Medium
Manufacturing PMI data signals economic expansion,Currency Devaluation,Hang Seng,0.93,153.69,Positive,Consumer Goods,Medium
Market sentiment turns positive on vaccine trial results,Supply Chain Disruption,CAC 40,0.64,99.76,Negative,Automotive,High
New IPO for a popular software firm is oversubscribed,Bond Market Fluctuation,ASX 200,-1.76,180.51,Negative,Technology,Medium
Central Bank's dovish tone hints at future rate cuts,Market Rally,Nikkei 225,1.89,118.05,Neutral,Finance,Low
"Global trade talks collapse, causing market turmoil",Economic Data Release,IBOVESPA,0.74,159.86,Negative,Industrials,High
Market sentiment turns positive on vaccine trial results,Regulatory Changes,IBOVESPA,-0.11499999999999999,429.99,Neutral,Industrials,Medium
Government spending bill is expected to stimulate the economy,Currency Devaluation,DAX,-2.64,156.0,Neutral,Transportation,High
Manufacturing PMI data signals economic expansion,Trade Tariffs Announcement,NSE Nifty,-2.92,490.14,Negative,Media & Entertainment,Medium
Real Estate sector shows signs of overheating as interest rates fall,Interest Rate Change,CAC 40,-3.58,86.42,Neutral,Transportation,Medium
China's Shanghai Composite falls after new trade restrictions,Regulatory Changes,FTSE 100,-3.68,126.26,Positive,Media & Entertainment,Medium
New regulations on cryptocurrencies cause a market dip,Supply Chain Disruption,Russell 2000,-4.42,83.6,Neutral,Healthcare,High
Dow Jones plunges as market fears recession,IPO Launch,TSX,0.23,337.73,Positive,Technology,Low
Government subsidy program gives a lift to the agriculture sector,Bond Market Fluctuation,TSX,-1.21,121.51,Positive,Healthcare,High
Healthcare stocks gain on robust demand and strong outlook,Economic Data Release,Russell 2000,-1.24,354.76,Negative,Aerospace & Defense,Medium
Semiconductor shortages weigh heavily on tech sector profits,Bond Market Fluctuation,Russell 2000,-4.06,182.34,Neutral,Finance,Medium
Market braces for a major policy announcement from the EU,Government Policy Announcement,Nasdaq Composite,3.04,438.63,Neutral,Agriculture,Low
New IPO for a popular software firm is oversubscribed,Major Merger/Acquisition,Hang Seng,-0.11499999999999999,261.5,Unknown,Materials,Low
Record-high inflation data rattles investors,IPO Launch,Nasdaq Composite,-3.29,421.72,Negative,Telecommunications,Low
Major technology firm acquires a smaller rival in a multi-billion dollar deal,Bond Market Fluctuation,S&P 500,4.05,241.45,Negative,Healthcare,Low
E-commerce earnings report beats all analyst expectations,Consumer Confidence Report,Dow Jones,-0.11499999999999999,48.97,Negative,Industrials,Low
UK's FTSE 100 sees a boost from favorable trade data,IPO Launch,Shanghai Composite,1.49,387.64,Neutral,Media & Entertainment,Medium
Supply chain issues impact manufacturing sector earnings,IPO Launch,IBOVESPA,-1.12,204.65,Neutral,Aerospace & Defense,Low
Manufacturing PMI data signals economic expansion,Unemployment Rate Announcement,Nasdaq Composite,-2.32,20.43,Neutral,Energy,High
New IPO for a popular software firm is oversubscribed,Interest Rate Change,Shanghai Composite,-1.32,376.78,Positive,Energy,Medium
Market braces for a major policy announcement from the EU,Unemployment Rate Announcement,Euro Stoxx 50,0.4,404.41,Negative,Real Estate,Medium
Media and Entertainment companies report a surge in streaming revenue,Bond Market Fluctuation,BSE Sensex,-0.69,242.54,Neutral,Agriculture,Low
Retail sales report surpasses all forecasts,Unemployment Rate Announcement,DAX,-1.04,351.83,Neutral,Technology,Low
Banking stocks dip after a major scandal is revealed,Major Merger/Acquisition,DAX,3.29,61.5,Negative,Energy,High
"Global trade talks collapse, causing market turmoil",Corporate Earnings Report,ASX 200,-0.11499999999999999,134.77,Negative,Retail,Medium
Utilities sector remains stable during market fluctuations,Interest Rate Change,S&P 500,-0.11499999999999999,263.92,Neutral,Automotive,High
"Global trade talks collapse, causing market turmoil",Supply Chain Disruption,Shanghai Composite,3.95,361.06,Positive,Finance,High
Massive stock buyback program announced by a consumer goods company,Bond Market Fluctuation,FTSE 100,-0.38,355.18,Unknown,Telecommunications,Medium
Central bank maintains status quo on interest rates,IPO Launch,BSE Sensex,-1.34,394.84,Positive,Consumer Goods,High
Government spending bill is expected to stimulate the economy,Market Rally,Hang Seng,-0.1,154.33,Neutral,Retail,Medium
Banking stocks dip after a major scandal is revealed,Economic Data Release,NSE Nifty,1.83,404.03,Neutral,Materials,High
A massive data breach sends a tech company's stock tumbling,Market Rally,S&P/TSX Composite,-4.93,153.24,Negative,Materials,High
Consumer confidence index reaches a decade high,Corporate Earnings Report,IBOVESPA,-3.58,182.42,Positive,Energy,Medium
New housing data release shows a slowdown in market activity,Corporate Earnings Report,ASX 200,-2.42,409.82,Neutral,Media & Entertainment,Low
Energy company's dividend hike excites shareholders,Stock Market Crash,Dow Jones,-3.19,51.61,Negative,Utilities,Low
Major technology firm acquires a smaller rival in a multi-billion dollar deal,Unemployment Rate Announcement,DAX,-2.37,225.22,Negative,Retail,Low
Government policy shift boosts renewable energy sector,Unemployment Rate Announcement,TSX,-0.7,437.87,Positive,Automotive,Low
Market braces for a major policy announcement from the EU,Unemployment Rate Announcement,DAX,2.94,154.83,Neutral,Healthcare,Medium
Automotive industry faces headwinds from rising material costs,Supply Chain Disruption,BSE Sensex,-0.99,64.21,Neutral,Energy,Medium
Energy company's dividend hike excites shareholders,Government Policy Announcement,Hang Seng,1.53,333.5,Negative,Transportation,Medium
Market sentiment turns positive on vaccine trial results,Unemployment Rate Announcement,Nasdaq Composite,-3.22,354.14,Negative,Utilities,High
A massive data breach sends a tech company's stock tumbling,IPO Launch,ASX 200,-4.33,261.06,Negative,Real Estate,Low
E-commerce earnings report beats all analyst expectations,IPO Launch,Nasdaq Composite,2.25,487.38,Positive,Transportation,Medium
Utilities sector remains stable during market fluctuations,Inflation Data Release,ASX 200,3.51,402.06,Positive,Finance,High
Media and Entertainment companies report a surge in streaming revenue,Market Rally,ASX 200,2.39,132.28,Negative,Transportation,Low
Tech Giant's New Product Launch Sparks Sector-Wide Gains,Central Bank Meeting,Dow Jones,-1.13,101.43,Neutral,Consumer Goods,High
Mining company stock surges on commodity price boom,Regulatory Changes,Dow Jones,4.54,360.82,Neutral,Finance,Medium
Government subsidy program gives a lift to the agriculture sector,Currency Devaluation,S&P/TSX Composite,-1.38,52.24,Neutral,Finance,High
Manufacturing PMI data signals economic expansion,Central Bank Meeting,Nasdaq Composite,-0.11499999999999999,30.7,Neutral,Automotive,High
Government spending bill is expected to stimulate the economy,Major Merger/Acquisition,Dow Jones,-4.51,371.21,Neutral,Healthcare,Low
ASX 200 gains on strong export performance,Economic Data Release,Nasdaq Composite,-4.19,328.48,Unknown,Retail,Medium
Media and Entertainment companies report a surge in streaming revenue,Commodity Price Shock,KOSPI,-1.37,283.49,Negative,Telecommunications,Medium
Merger talks between two banks fall through,Economic Data Release,IBOVESPA,-2.14,480.9,Neutral,Utilities,High
Retail sales report surpasses all forecasts,Supply Chain Disruption,BSE Sensex,-3.13,226.46,Positive,Materials,High
Consumer confidence index reaches a decade high,Central Bank Meeting,BSE Sensex,0.49,439.42,Neutral,Media & Entertainment,High
Automotive industry faces headwinds from rising material costs,Economic Data Release,Nasdaq Composite,-4.1,32.73,Negative,Real Estate,High
Government subsidy program gives a lift to the agriculture sector,Regulatory Changes,S&P/TSX Composite,0.79,147.71,Unknown,Healthcare,Medium
Media and Entertainment companies report a surge in streaming revenue,Corporate Earnings Report,CAC 40,0.03,4.24,Positive,Automotive,Low
Tech Giant's New Product Launch Sparks Sector-Wide Gains,Central Bank Meeting,Russell 2000,2.06,480.73,Positive,Retail,Low
Crude oil prices drop to a multi-year low,Economic Data Release,Russell 2000,4.2,184.5,Negative,Technology,Low
Merger talks between two banks fall through,Trade Tariffs Announcement,CAC 40,-0.96,242.0,Positive,Consumer Goods,High
Semiconductor shortages weigh heavily on tech sector profits,Corporate Earnings Report,FTSE 100,-0.81,316.35,Positive,Agriculture,Medium
Massive stock buyback program announced by a consumer goods company,Consumer Confidence Report,Hang Seng,-1.93,115.99,Positive,Retail,Low
Government subsidy program gives a lift to the agriculture sector,Currency Devaluation,S&P 500,0.66,247.47,Unknown,Utilities,Medium
Bond yields tumble as investors seek safe havens,Bond Market Fluctuation,Nikkei 225,1.49,488.07,Negative,Utilities,Medium
UK's FTSE 100 sees a boost from favorable trade data,Commodity Price Shock,Nikkei 225,0.21,179.99,Positive,Materials,Medium
Semiconductor shortages weigh heavily on tech sector profits,Supply Chain Disruption,NSE Nifty,0.07,273.79,Negative,Utilities,Low
Financial sector bracing for new capital requirements,Major Merger/Acquisition,Russell 2000,-2.11,234.75,Negative,Industrials,Medium
UK's FTSE 100 sees a boost from favorable trade data,Corporate Earnings Report,Nikkei 225,-1.31,442.86,Positive,Retail,Low
Banking stocks dip after a major scandal is revealed,Commodity Price Shock,Hang Seng,-0.44,318.12,Positive,Transportation,Medium
Crude oil prices drop to a multi-year low,Economic Data Release,S&P/TSX Composite,0.96,192.92,Unknown,Real Estate,Medium
Nikkei 225 index benefits from a weaker yen,Bond Market Fluctuation,Shanghai Composite,0.73,65.06,Negative,Media & Entertainment,Low
Major technology firm acquires a smaller rival in a multi-billion dollar deal,Economic Data Release,Dow Jones,1.4,481.88,Neutral,Aerospace & Defense,High
Government spending bill is expected to stimulate the economy,Inflation Data Release,FTSE 100,-2.77,264.55,Positive,Telecommunications,Low
Tech Giant's New Product Launch Sparks Sector-Wide Gains,Major Merger/Acquisition,FTSE 100,-4.04,433.99,Positive,Transportation,High
E-commerce earnings report beats all analyst expectations,Market Rally,S&P/TSX Composite,-4.97,173.42,Negative,Real Estate,Medium
Healthcare stocks gain on robust demand and strong outlook,Geopolitical Event,Nasdaq Composite,-1.51,56.18,Negative,Healthcare,High
New housing data release shows a slowdown in market activity,Trade Tariffs Announcement,TSX,4.64,310.91,Positive,Technology,Low
Market sentiment turns positive on vaccine trial results,Supply Chain Disruption,DAX,-3.17,120.46,Negative,Construction,High
Nikkei 225 index benefits from a weaker yen,Consumer Confidence Report,TSX,-0.11499999999999999,332.69,Negative,Industrials,Medium
Automotive industry faces headwinds from rising material costs,Supply Chain Disruption,TSX,-2.98,218.71,Negative,Agriculture,High
Consumer Discretionary stocks outperform as spending increases,Interest Rate Change,Shanghai Composite,-4.56,86.15,Positive,Utilities,High
Aerospace and Defense sector sees rally amid geopolitical tensions,Commodity Price Shock,Euro Stoxx 50,-0.44,379.18,Positive,Automotive,Medium
Consumer confidence index reaches a decade high,Supply Chain Disruption,Hang Seng,-2.16,251.69,Unknown,Consumer Goods,High
Government spending bill is expected to stimulate the economy,Economic Data Release,DAX,-2.69,11.32,Positive,Healthcare,High
A massive data breach sends a tech company's stock tumbling,Supply Chain Disruption,Shanghai Composite,0.26,46.91,Neutral,Retail,Low
Semiconductor shortages weigh heavily on tech sector profits,Corporate Earnings Report,Dow Jones,-2.2,470.15,Positive,Pharmaceuticals,Low
Automotive industry faces headwinds from rising material costs,Unemployment Rate Announcement,Euro Stoxx 50,0.1,378.12,Positive,Consumer Goods,Low
New housing data release shows a slowdown in market activity,Unemployment Rate Announcement,Euro Stoxx 50,1.08,441.77,Positive,Telecommunications,Low
Geopolitical ceasefire prompts a broad market recovery,Regulatory Changes,DAX,2.92,228.21,Negative,Aerospace & Defense,High
New housing data release shows a slowdown in market activity,Currency Devaluation,ASX 200,-0.11499999999999999,189.95,Neutral,Pharmaceuticals,Medium
Major technology firm acquires a smaller rival in a multi-billion dollar deal,Geopolitical Event,FTSE 100,-0.11499999999999999,15.34,Neutral,Pharmaceuticals,High
Unexpected rise in unemployment fuels market pessimism,Geopolitical Event,FTSE 100,1.56,464.42,Unknown,Technology,Low
Government subsidy program gives a lift to the agriculture sector,Major Merger/Acquisition,BSE Sensex,-0.52,127.33,Neutral,Industrials,Medium
Financial sector bracing for new capital requirements,Interest Rate Change,KOSPI,2.47,302.24,Unknown,Agriculture,Low
Banking stocks dip after a major scandal is revealed,Government Policy Announcement,Shanghai Composite,-1.7,195.69,Negative,Industrials,Medium
New IPO for a popular software firm is oversubscribed,Unemployment Rate Announcement,TSX,-0.11499999999999999,47.34,Positive,Technology,Medium
UK's FTSE 100 sees a boost from favorable trade data,Interest Rate Change,IBOVESPA,2.26,17.89,Neutral,Agriculture,Low
Automotive industry faces headwinds from rising material costs,Currency Devaluation,Nasdaq Composite,-2.55,99.7,Positive,Utilities,High
China's Shanghai Composite falls after new trade restrictions,Stock Market Crash,Nasdaq Composite,0.52,375.62,Negative,Real Estate,Medium
E-commerce earnings report beats all analyst expectations,Geopolitical Event,FTSE 100,-3.94,199.67,Neutral,Aerospace & Defense,Medium
Bond yields tumble as investors seek safe havens,Supply Chain Disruption,Nasdaq Composite,1.75,244.51,Neutral,Pharmaceuticals,High
Geopolitical ceasefire prompts a broad market recovery,Bond Market Fluctuation,CAC 40,-1.06,172.24,Negative,Industrials,High
Market sentiment turns positive on vaccine trial results,Commodity Price Shock,Russell 2000,-0.29,14.32,Neutral,Technology,High
Energy company's dividend hike excites shareholders,Trade Tariffs Announcement,S&P 500,-2.2,46.49,Negative,Consumer Goods,Low
Mining company stock surges on commodity price boom,Cryptocurrency Regulation,S&P/TSX Composite,4.72,233.38,Positive,Transportation,Low
Mining company stock surges on commodity price boom,Unemployment Rate Announcement,IBOVESPA,-1.33,324.43,Negative,Construction,Low
New housing data release shows a slowdown in market activity,Trade Tariffs Announcement,DAX,-0.11499999999999999,208.57,Neutral,Automotive,Medium
Media and Entertainment companies report a surge in streaming revenue,Currency Devaluation,S&P 500,-4.2,252.03,Neutral,Aerospace & Defense,Medium
Financial sector bracing for new capital requirements,Commodity Price Shock,BSE Sensex,4.33,468.48,Negative,Energy,Medium
Consumer Discretionary stocks outperform as spending increases,Regulatory Changes,KOSPI,4.93,154.8,Negative,Transportation,High
Market braces for a major policy announcement from the EU,Major Merger/Acquisition,Hang Seng,2.53,355.07,Neutral,Transportation,High
Energy company's dividend hike excites shareholders,Market Rally,Nikkei 225,-0.11499999999999999,44.31,Positive,Transportation,Medium
Central bank maintains status quo on interest rates,Market Rally,Russell 2000,-0.11499999999999999,238.68,Neutral,Automotive,Medium
Banking stocks dip after a major scandal is revealed,Regulatory Changes,IBOVESPA,-0.31,178.44,Negative,Agriculture,Medium
E-commerce earnings report beats all analyst expectations,Central Bank Meeting,NSE Nifty,-3.14,292.36,Positive,Retail,Low
Healthcare stocks gain on robust demand and strong outlook,Regulatory Changes,DAX,-2.95,382.12,Positive,Real Estate,Low
Consumer Discretionary stocks outperform as spending increases,Stock Market Crash,Dow Jones,-0.94,1.22,Neutral,Automotive,Medium
ASX 200 gains on strong export performance,Cryptocurrency Regulation,KOSPI,-2.14,470.81,Neutral,Construction,Low
Aerospace and Defense sector sees rally amid geopolitical tensions,Geopolitical Event,Nasdaq Composite,-1.44,196.51,Positive,Healthcare,High
Nikkei 225 index benefits from a weaker yen,Economic Data Release,Russell 2000,1.41,467.1,Positive,Healthcare,Medium
Mining company stock surges on commodity price boom,Trade Tariffs Announcement,S&P/TSX Composite,-4.57,365.93,Negative,Telecommunications,Medium
Geopolitical ceasefire prompts a broad market recovery,Government Policy Announcement,Nasdaq Composite,-1.73,339.17,Negative,Consumer Goods,High
Central Bank's dovish tone hints at future rate cuts,Regulatory Changes,Nikkei 225,-0.11499999999999999,272.7,Negative,Utilities,Low
Government policy shift boosts renewable energy sector,Corporate Earnings Report,NSE Nifty,0.4,428.68,Negative,Technology,High
Manufacturing PMI data signals economic expansion,IPO Launch,IBOVESPA,-1.92,257.4,Positive,Media & Entertainment,Low
Central Bank Governor signals potential shift in policy,IPO Launch,TSX,-4.11,393.04,Negative,Energy,High
Banking stocks dip after a major scandal is revealed,Currency Devaluation,DAX,2.0,66.63,Negative,Technology,High
New IPO for a popular software firm is oversubscribed,Corporate Earnings Report,Russell 2000,2.16,204.34,Neutral,Consumer Goods,Medium
Bond yields tumble as investors seek safe havens,IPO Launch,Nasdaq Composite,-4.26,108.69,Neutral,Automotive,Low
Geopolitical ceasefire prompts a broad market recovery,Geopolitical Event,TSX,0.44,477.28,Positive,Technology,High
Automotive industry faces headwinds from rising material costs,Market Rally,S&P 500,-1.04,89.99,Neutral,Construction,Medium
Retail sales report surpasses all forecasts,Trade Tariffs Announcement,Shanghai Composite,2.2,48.44,Positive,Energy,High
Healthcare stocks gain on robust demand and strong outlook,Inflation Data Release,Dow Jones,-0.68,212.41,Neutral,Utilities,Low
Major technology firm acquires a smaller rival in a multi-billion dollar deal,Currency Devaluation,Nikkei 225,-0.63,443.12,Neutral,Transportation,Low
Retail sales report surpasses all forecasts,Supply Chain Disruption,Hang Seng,2.18,157.21,Neutral,Real Estate,High
Consumer confidence index reaches a decade high,Regulatory Changes,KOSPI,-3.43,387.72,Positive,Technology,Low
Government subsidy program gives a lift to the agriculture sector,Major Merger/Acquisition,TSX,3.47,24.29,Positive,Materials,Medium
"Global trade talks collapse, causing market turmoil",Economic Data Release,Euro Stoxx 50,-0.06,315.77,Unknown,Agriculture,Low
Unexpected rise in unemployment fuels market pessimism,Stock Market Crash,Nikkei 225,-0.72,442.16,Neutral,Finance,Low
Aerospace and Defense sector sees rally amid geopolitical tensions,IPO Launch,S&P/TSX Composite,-4.86,173.85,Negative,Industrials,Low
New IPO for a popular software firm is oversubscribed,Corporate Earnings Report,Euro Stoxx 50,1.23,91.39,Negative,Aerospace & Defense,High
UK's FTSE 100 sees a boost from favorable trade data,Trade Tariffs Announcement,FTSE 100,-3.86,272.62,Negative,Consumer Goods,Medium
Aerospace and Defense sector sees rally amid geopolitical tensions,Consumer Confidence Report,NSE Nifty,0.32,76.5,Positive,Materials,Medium
Financial services stocks rally on strong profit margins,Inflation Data Release,Nasdaq Composite,4.19,124.55,Negative,Pharmaceuticals,Low
Dow Jones plunges as market fears recession,Central Bank Meeting,Russell 2000,-0.98,121.99,Negative,Utilities,High
Financial sector bracing for new capital requirements,Cryptocurrency Regulation,FTSE 100,-0.67,57.04,Negative,Retail,High
Major technology firm acquires a smaller rival in a multi-billion dollar deal,Interest Rate Change,DAX,-3.03,464.47,Neutral,Industrials,Low
Federal Reserve Chairman's speech causes market volatility,Government Policy Announcement,TSX,4.66,363.54,Positive,Real Estate,High
Government subsidy program gives a lift to the agriculture sector,Major Merger/Acquisition,Nasdaq Composite,3.81,29.86,Negative,Healthcare,High
Massive stock buyback program announced by a consumer goods company,Corporate Earnings Report,S&P 500,-0.94,471.01,Negative,Technology,High
Automotive industry faces headwinds from rising material costs,Trade Tariffs Announcement,DAX,3.43,473.52,Negative,Industrials,Medium
Consumer confidence index reaches a decade high,Cryptocurrency Regulation,BSE Sensex,-0.19,167.42,Neutral,Agriculture,High
Financial sector bracing for new capital requirements,Supply Chain Disruption,Nikkei 225,0.14,294.45,Neutral,Materials,Low
Mining company stock surges on commodity price boom,Commodity Price Shock,KOSPI,3.11,293.95,Neutral,Utilities,Low
Supply chain issues impact manufacturing sector earnings,Regulatory Changes,DAX,-1.87,214.15,Positive,Consumer Goods,Low
Unexpected rise in unemployment fuels market pessimism,Commodity Price Shock,Russell 2000,0.35,341.17,Neutral,Healthcare,High
Consumer Discretionary stocks outperform as spending increases,Consumer Confidence Report,Dow Jones,-2.18,344.72,Neutral,Materials,Low
Manufacturing PMI data signals economic expansion,Major Merger/Acquisition,TSX,4.68,75.45,Positive,Telecommunications,Low
E-commerce earnings report beats all analyst expectations,Inflation Data Release,KOSPI,-3.02,101.73,Positive,Materials,High
Real Estate sector shows signs of overheating as interest rates fall,Trade Tariffs Announcement,DAX,-2.17,454.89,Positive,Aerospace & Defense,Medium
Central Bank Governor signals potential shift in policy,Commodity Price Shock,Nasdaq Composite,-0.97,369.19,Negative,Energy,High
Market braces for a major policy announcement from the EU,Economic Data Release,CAC 40,-2.96,331.41,Negative,Real Estate,Medium
Aerospace and Defense sector sees rally amid geopolitical tensions,Corporate Earnings Report,IBOVESPA,-1.44,208.5,Positive,Real Estate,Medium
Manufacturing PMI data signals economic expansion,Market Rally,Hang Seng,-0.11499999999999999,35.19,Neutral,Consumer Goods,Low
Utilities sector remains stable during market fluctuations,Regulatory Changes,Russell 2000,0.49,24.27,Positive,Energy,Low
A massive data breach sends a tech company's stock tumbling,Central Bank Meeting,Dow Jones,-1.18,331.91,Neutral,Automotive,High
Massive stock buyback program announced by a consumer goods company,Unemployment Rate Announcement,Dow Jones,-1.3,24.46,Neutral,Pharmaceuticals,High
China's Shanghai Composite falls after new trade restrictions,Currency Devaluation,DAX,2.97,236.26,Negative,Automotive,Low
Energy company's dividend hike excites shareholders,Market Rally,Shanghai Composite,2.71,204.29,Positive,Transportation,High
Major oil spill sends energy stocks plummeting,Consumer Confidence Report,NSE Nifty,2.74,263.38,Positive,Construction,Low
Record-high inflation data rattles investors,Unemployment Rate Announcement,Hang Seng,3.99,193.51,Negative,Pharmaceuticals,High
Healthcare stocks gain on robust demand and strong outlook,Stock Market Crash,Hang Seng,0.13,404.83,Negative,Utilities,High
Manufacturing PMI data signals economic expansion,Trade Tariffs Announcement,BSE Sensex,1.03,371.82,Neutral,Retail,Medium
Geopolitical ceasefire prompts a broad market recovery,Trade Tariffs Announcement,Euro Stoxx 50,-1.53,103.98,Positive,Construction,Medium
UK's FTSE 100 sees a boost from favorable trade data,Geopolitical Event,Shanghai Composite,-1.22,157.77,Negative,Utilities,Low
Semiconductor shortages weigh heavily on tech sector profits,Geopolitical Event,IBOVESPA,3.88,174.43,Neutral,Automotive,High
Consumer Discretionary stocks outperform as spending increases,Central Bank Meeting,Hang Seng,3.77,134.13,Neutral,Industrials,High
Automotive industry faces headwinds from rising material costs,Market Rally,FTSE 100,-2.85,84.64,Positive,Materials,High
Nikkei 225 index benefits from a weaker yen,Commodity Price Shock,Dow Jones,3.64,141.52,Negative,Agriculture,High
Central Bank Governor signals potential shift in policy,Trade Tariffs Announcement,NSE Nifty,-2.92,484.89,Negative,Healthcare,High
Media and Entertainment companies report a surge in streaming revenue,Economic Data Release,NSE Nifty,-0.66,52.49,Neutral,Utilities,Low
"Global trade talks collapse, causing market turmoil",Interest Rate Change,S&P/TSX Composite,-4.69,266.48,Negative,Technology,Medium
Quarterly report shows surprising losses for retail giants,Interest Rate Change,FTSE 100,2.21,132.84,Neutral,Industrials,High
Supply chain issues impact manufacturing sector earnings,Government Policy Announcement,S&P/TSX Composite,-1.29,133.2,Positive,Pharmaceuticals,Medium
New housing data release shows a slowdown in market activity,Market Rally,NSE Nifty,3.88,71.34,Neutral,Materials,Medium
Government spending bill is expected to stimulate the economy,Inflation Data Release,Dow Jones,-3.57,293.49,Negative,Real Estate,Low
Consumer Discretionary stocks outperform as spending increases,Cryptocurrency Regulation,Euro Stoxx 50,-3.33,440.38,Negative,Energy,Medium
Government spending bill is expected to stimulate the economy,Market Rally,NSE Nifty,-3.06,212.35,Neutral,Transportation,Medium
E-commerce earnings report beats all analyst expectations,IPO Launch,Shanghai Composite,2.25,260.61,Positive,Materials,Low
Utilities sector remains stable during market fluctuations,Inflation Data Release,BSE Sensex,3.97,155.19,Neutral,Materials,High
Unexpected rise in unemployment fuels market pessimism,Supply Chain Disruption,NSE Nifty,3.16,460.81,Neutral,Healthcare,High
Media and Entertainment companies report a surge in streaming revenue,Market Rally,Shanghai Composite,-1.31,357.29,Negative,Media & Entertainment,Medium
Gold prices surge as investors flee riskier assets,Regulatory Changes,Nikkei 225,2.03,425.75,Neutral,Pharmaceuticals,Medium
ASX 200 gains on strong export performance,Consumer Confidence Report,CAC 40,-0.36,194.45,Positive,Aerospace & Defense,High
Government subsidy program gives a lift to the agriculture sector,Market Rally,S&P 500,-2.91,316.47,Positive,Agriculture,High
Major oil spill sends energy stocks plummeting,Consumer Confidence Report,IBOVESPA,-1.07,246.34,Negative,Utilities,Medium
Unexpected rise in unemployment fuels market pessimism,Central Bank Meeting,IBOVESPA,-0.46,146.03,Positive,Finance,High
Unexpected rise in unemployment fuels market pessimism,Consumer Confidence Report,Hang Seng,-1.64,490.45,Negative,Finance,High
Market sentiment turns positive on vaccine trial results,Geopolitical Event,KOSPI,-4.92,56.85,Negative,Aerospace & Defense,Low
Gold prices surge as investors flee riskier assets,Interest Rate Change,TSX,3.41,312.32,Unknown,Technology,High
New IPO for a popular software firm is oversubscribed,Regulatory Changes,Russell 2000,0.25,469.52,Negative,Telecommunications,Medium
Real Estate sector shows signs of overheating as interest rates fall,Inflation Data Release,BSE Sensex,-3.37,187.97,Positive,Real Estate,Low
Financial sector bracing for new capital requirements,Supply Chain Disruption,Russell 2000,-1.36,425.53,Negative,Aerospace & Defense,Low
Bond yields tumble as investors seek safe havens,Cryptocurrency Regulation,ASX 200,-2.36,182.47,Positive,Automotive,Medium
E-commerce earnings report beats all analyst expectations,Economic Data Release,Nikkei 225,3.69,196.17,Neutral,Materials,Medium
E-commerce earnings report beats all analyst expectations,Stock Market Crash,FTSE 100,-3.79,212.74,Neutral,Retail,High
New regulations on cryptocurrencies cause a market dip,Economic Data Release,BSE Sensex,4.91,383.29,Negative,Agriculture,Medium
Record-high inflation data rattles investors,Geopolitical Event,Nasdaq Composite,4.02,317.34,Negative,Transportation,High
Market braces for a major policy announcement from the EU,Market Rally,Dow Jones,0.99,205.59,Negative,Construction,Low
UK's FTSE 100 sees a boost from favorable trade data,Central Bank Meeting,ASX 200,-3.88,196.81,Negative,Transportation,Medium
UK's FTSE 100 sees a boost from favorable trade data,Major Merger/Acquisition,KOSPI,1.67,283.05,Negative,Finance,High
A massive data breach sends a tech company's stock tumbling,Bond Market Fluctuation,FTSE 100,-1.11,394.24,Negative,Retail,Medium
A massive data breach sends a tech company's stock tumbling,Geopolitical Event,S&P/TSX Composite,2.81,234.19,Neutral,Retail,Low
Dow Jones plunges as market fears recession,Geopolitical Event,Russell 2000,-4.77,474.03,Negative,Healthcare,Low
Gold prices surge as investors flee riskier assets,IPO Launch,CAC 40,-1.01,84.48,Negative,Agriculture,Low
Nikkei 225 index benefits from a weaker yen,Bond Market Fluctuation,CAC 40,1.81,491.21,Neutral,Industrials,Medium
Quarterly report shows surprising losses for retail giants,Geopolitical Event,IBOVESPA,-3.71,352.68,Unknown,Automotive,Medium
Geopolitical ceasefire prompts a broad market recovery,Government Policy Announcement,FTSE 100,2.12,352.72,Negative,Energy,Low
Tech Giant's New Product Launch Sparks Sector-Wide Gains,Major Merger/Acquisition,Nikkei 225,-4.97,114.57,Negative,Finance,Low
China's Shanghai Composite falls after new trade restrictions,Consumer Confidence Report,KOSPI,3.27,383.29,Positive,Technology,High
Central Bank's dovish tone hints at future rate cuts,Commodity Price Shock,FTSE 100,-0.11499999999999999,221.19,Negative,Consumer Goods,Medium
China's Shanghai Composite falls after new trade restrictions,Major Merger/Acquisition,Dow Jones,-1.81,310.2,Neutral,Retail,Low
Financial sector bracing for new capital requirements,Consumer Confidence Report,Russell 2000,-0.11499999999999999,98.34,Positive,Aerospace & Defense,High
A massive data breach sends a tech company's stock tumbling,Bond Market Fluctuation,KOSPI,3.21,157.99,Negative,Finance,High
Consumer Discretionary stocks outperform as spending increases,Interest Rate Change,Dow Jones,-1.49,76.07,Negative,Materials,High
Banking stocks dip after a major scandal is revealed,Inflation Data Release,BSE Sensex,2.93,499.19,Positive,Consumer Goods,High
Merger talks between two banks fall through,Trade Tariffs Announcement,CAC 40,-0.11499999999999999,61.58,Positive,Industrials,Low
Federal Reserve Chairman's speech causes market volatility,Currency Devaluation,KOSPI,2.46,302.11,Neutral,Healthcare,Medium
Financial sector bracing for new capital requirements,Stock Market Crash,ASX 200,0.69,336.12,Neutral,Aerospace & Defense,Low
Real Estate sector shows signs of overheating as interest rates fall,Inflation Data Release,Nikkei 225,3.22,491.54,Positive,Transportation,Low
Real Estate sector shows signs of overheating as interest rates fall,Bond Market Fluctuation,TSX,3.3,228.75,Positive,Energy,Low
Market sentiment turns positive on vaccine trial results,Inflation Data Release,S&P/TSX Composite,0.63,45.6,Negative,Finance,Low
E-commerce earnings report beats all analyst expectations,Economic Data Release,IBOVESPA,0.24,175.88,Negative,Utilities,Low
Geopolitical ceasefire prompts a broad market recovery,Corporate Earnings Report,Nasdaq Composite,1.23,438.35,Neutral,Aerospace & Defense,Medium
Utilities sector remains stable during market fluctuations,Unemployment Rate Announcement,Hang Seng,3.84,150.87,Positive,Automotive,High
Tech Giant's New Product Launch Sparks Sector-Wide Gains,Market Rally,CAC 40,-1.97,81.81,Positive,Real Estate,Medium
Financial sector bracing for new capital requirements,Interest Rate Change,Hang Seng,1.49,190.51,Neutral,Materials,High
Massive stock buyback program announced by a consumer goods company,Government Policy Announcement,Euro Stoxx 50,-2.97,69.84,Positive,Agriculture,Medium
Quarterly report shows surprising losses for retail giants,Stock Market Crash,Dow Jones,4.5,197.16,Neutral,Technology,Low
Automotive industry faces headwinds from rising material costs,Inflation Data Release,BSE Sensex,1.15,83.6,Positive,Media & Entertainment,Medium
Mining company stock surges on commodity price boom,Central Bank Meeting,NSE Nifty,-4.2,411.78,Positive,Industrials,Low
Central Bank's dovish tone hints at future rate cuts,Regulatory Changes,Hang Seng,2.48,427.1,Neutral,Pharmaceuticals,Low
Massive stock buyback program announced by a consumer goods company,Consumer Confidence Report,FTSE 100,4.25,151.21,Neutral,Telecommunications,High
Quarterly report shows surprising losses for retail giants,Cryptocurrency Regulation,DAX,0.33,461.74,Positive,Agriculture,High
Central Bank's dovish tone hints at future rate cuts,Cryptocurrency Regulation,Euro Stoxx 50,4.1,453.1,Negative,Automotive,Low
New regulations on cryptocurrencies cause a market dip,Economic Data Release,KOSPI,-0.11499999999999999,433.4,Neutral,Transportation,Low
Bond yields tumble as investors seek safe havens,Cryptocurrency Regulation,CAC 40,-2.89,23.03,Negative,Transportation,Medium
Utilities sector remains stable during market fluctuations,Inflation Data Release,Shanghai Composite,2.7,76.7,Neutral,Retail,Medium
Semiconductor shortages weigh heavily on tech sector profits,Government Policy Announcement,Shanghai Composite,4.17,433.17,Negative,Telecommunications,High
Unexpected rise in unemployment fuels market pessimism,Bond Market Fluctuation,Nasdaq Composite,1.04,490.23,Positive,Media & Entertainment,Medium
Automotive industry faces headwinds from rising material costs,Government Policy Announcement,KOSPI,-2.4,214.02,Unknown,Healthcare,High
Central Bank's dovish tone hints at future rate cuts,Commodity Price Shock,Shanghai Composite,1.79,401.22,Neutral,Industrials,Medium
Mining company stock surges on commodity price boom,Currency Devaluation,KOSPI,0.99,265.75,Neutral,Healthcare,Low
Geopolitical ceasefire prompts a broad market recovery,Corporate Earnings Report,Euro Stoxx 50,-0.11499999999999999,255.04,Negative,Automotive,Medium
Geopolitical ceasefire prompts a broad market recovery,Major Merger/Acquisition,Nikkei 225,3.89,308.3,Neutral,Energy,High
Healthcare stocks gain on robust demand and strong outlook,Economic Data Release,Russell 2000,1.52,280.86,Negative,Materials,Low
Energy company's dividend hike excites shareholders,Trade Tariffs Announcement,Hang Seng,-0.28,256.41,Negative,Materials,Low
Dow Jones plunges as market fears recession,IPO Launch,Nasdaq Composite,-0.82,65.56,Negative,Automotive,High
China's Shanghai Composite falls after new trade restrictions,Stock Market Crash,CAC 40,4.36,477.22,Neutral,Automotive,Low
Retail sales report surpasses all forecasts,Market Rally,Nikkei 225,2.2,401.63,Negative,Materials,Medium
Market sentiment turns positive on vaccine trial results,Inflation Data Release,KOSPI,3.49,319.12,Positive,Healthcare,High
Real Estate sector shows signs of overheating as interest rates fall,Geopolitical Event,Hang Seng,-4.5,174.51,Neutral,Automotive,Low
Mining company stock surges on commodity price boom,Government Policy Announcement,Dow Jones,-3.4,1.06,Negative,Energy,Medium
Semiconductor shortages weigh heavily on tech sector profits,Currency Devaluation,BSE Sensex,-4.97,147.46,Negative,Healthcare,Medium
Merger talks between two banks fall through,Corporate Earnings Report,IBOVESPA,2.67,330.54,Positive,Construction,High
Retail sales report surpasses all forecasts,Bond Market Fluctuation,FTSE 100,3.83,4.04,Positive,Automotive,Medium
Nikkei 225 index benefits from a weaker yen,Market Rally,Nasdaq Composite,-4.66,32.53,Positive,Media & Entertainment,Low
New housing data release shows a slowdown in market activity,IPO Launch,S&P 500,-3.54,42.99,Negative,Utilities,High
Semiconductor shortages weigh heavily on tech sector profits,Government Policy Announcement,S&P 500,1.86,202.71,Positive,Construction,Medium
Automotive industry faces headwinds from rising material costs,Economic Data Release,Nikkei 225,0.69,174.2,Positive,Aerospace & Defense,Medium
Media and Entertainment companies report a surge in streaming revenue,Corporate Earnings Report,Hang Seng,-0.83,278.49,Unknown,Consumer Goods,Low
Government subsidy program gives a lift to the agriculture sector,IPO Launch,S&P 500,2.99,166.76,Neutral,Telecommunications,Medium
ASX 200 gains on strong export performance,Consumer Confidence Report,KOSPI,-2.1,318.42,Neutral,Retail,High
Automotive industry faces headwinds from rising material costs,Currency Devaluation,FTSE 100,0.82,409.75,Negative,Retail,High
Tech Giant's New Product Launch Sparks Sector-Wide Gains,Economic Data Release,DAX,-2.22,212.9,Neutral,Industrials,Low
Government spending bill is expected to stimulate the economy,Geopolitical Event,Euro Stoxx 50,-0.17,105.88,Neutral,Aerospace & Defense,Low
Government spending bill is expected to stimulate the economy,Market Rally,Shanghai Composite,4.02,152.28,Negative,Telecommunications,Low
Pharmaceutical company's drug approval drives stock upward,Economic Data Release,CAC 40,0.12,53.49,Neutral,Healthcare,Medium
Real Estate sector shows signs of overheating as interest rates fall,Interest Rate Change,Nasdaq Composite,-1.76,469.95,Negative,Automotive,Medium
